symbol,trades,a_win_rate,a_avg_r,a_profit_factor,a_total_r,b_win_rate,b_avg_r,b_profit_factor,b_total_r,better,edge_diff
ADANIPORTS,108,38.9,-0.027,0.96,-2.97,38.9,-0.028,0.95,-3.0,TRAIL,0.001
ASIANPAINT,78,39.7,-0.085,0.86,-6.59,39.7,-0.016,0.97,-1.21,NO_TRAIL,-0.069
AXISBANK,95,38.9,-0.069,0.89,-6.57,38.9,-0.029,0.95,-2.71,NO_TRAIL,-0.04
BAJAJ-AUTO,83,38.6,-0.091,0.85,-7.55,38.6,-0.024,0.96,-2.03,NO_TRAIL,-0.067
BAJFINANCE,89,39.3,-0.016,0.97,-1.45,39.3,-0.017,0.97,-1.5,TRAIL,0.001
BAJAJFINSV,91,37.4,-0.06,0.9,-5.43,37.4,-0.058,0.91,-5.27,NO_TRAIL,-0.002
BPCL,112,34.8,-0.145,0.77,-16.26,34.8,-0.123,0.81,-13.77,NO_TRAIL,-0.022
BHARTIARTL,97,36.1,-0.097,0.85,-9.45,36.1,-0.089,0.86,-8.68,NO_TRAIL,-0.008
BRITANNIA,72,31.9,-0.262,0.61,-18.89,31.9,-0.186,0.72,-13.39,NO_TRAIL,-0.076
CIPLA,66,28.8,-0.272,0.62,-17.94,28.8,-0.28,0.61,-18.5,TRAIL,0.008
COALINDIA,149,31.5,-0.281,0.59,-41.9,31.5,-0.219,0.68,-32.66,NO_TRAIL,-0.062
DIVISLAB,76,46.1,0.069,1.13,5.24,46.1,0.136,1.25,10.34,NO_TRAIL,-0.067
DRREDDY,90,38.9,-0.153,0.75,-13.8,38.9,-0.028,0.95,-2.5,NO_TRAIL,-0.125
EICHERMOT,102,32.4,-0.258,0.62,-26.29,32.4,-0.191,0.72,-19.5,NO_TRAIL,-0.067
GRASIM,105,38.1,-0.059,0.9,-6.24,38.1,-0.056,0.91,-5.85,NO_TRAIL,-0.003
HCLTECH,173,54.3,0.463,2.01,80.05,54.3,0.357,1.78,61.74,TRAIL,0.106
HDFCBANK,19,47.4,0.081,1.17,1.54,47.4,0.236,1.5,4.48,NO_TRAIL,-0.155
HDFCLIFE,86,40.7,-0.052,0.91,-4.46,40.7,0.021,1.04,1.84,NO_TRAIL,-0.073
HEROMOTOCO,121,41.3,0.067,1.11,8.09,41.3,0.033,1.06,4.0,TRAIL,0.034
HINDALCO,118,34.7,-0.107,0.84,-12.57,34.7,-0.131,0.8,-15.5,TRAIL,0.024
HINDUNILVR,99,34.3,-0.179,0.73,-17.7,34.3,-0.15,0.77,-14.9,NO_TRAIL,-0.029
ICICIBANK,28,25.0,-0.476,0.37,-13.33,25.0,-0.375,0.5,-10.5,NO_TRAIL,-0.101
INFY,150,48.0,0.199,1.38,29.83,48.0,0.203,1.39,30.4,NO_TRAIL,-0.004
ITC,57,40.4,-0.076,0.87,-4.33,40.4,0.023,1.04,1.33,NO_TRAIL,-0.099
INDUSINDBK,117,38.5,-0.111,0.82,-12.99,38.5,-0.024,0.96,-2.82,NO_TRAIL,-0.087
JSWSTEEL,115,34.8,-0.152,0.76,-17.5,34.8,-0.122,0.81,-14.0,NO_TRAIL,-0.03
KOTAKBANK,64,35.9,-0.116,0.82,-7.42,35.9,-0.118,0.82,-7.55,TRAIL,0.002
LT,86,45.3,0.297,1.54,25.53,45.3,0.134,1.24,11.5,TRAIL,0.163
M&M,89,34.8,-0.125,0.81,-11.17,34.8,-0.129,0.8,-11.5,TRAIL,0.004
MARUTI,85,37.6,-0.074,0.88,-6.26,37.6,-0.059,0.91,-5.0,NO_TRAIL,-0.015
NTPC,99,52.5,0.178,1.37,17.62,52.5,0.291,1.61,28.79,NO_TRAIL,-0.113
NESTLEIND,69,36.2,-0.196,0.69,-13.54,36.2,-0.094,0.85,-6.5,NO_TRAIL,-0.102
ONGC,103,35.9,-0.135,0.79,-13.9,35.9,-0.102,0.84,-10.5,NO_TRAIL,-0.033
POWERGRID,105,33.3,-0.253,0.62,-26.61,33.3,-0.178,0.73,-18.74,NO_TRAIL,-0.075
RELIANCE,68,41.2,-0.036,0.94,-2.46,41.2,0.04,1.07,2.72,NO_TRAIL,-0.076
SBIN,95,26.3,-0.322,0.56,-30.57,26.3,-0.336,0.54,-31.91,TRAIL,0.014
SUNPHARMA,80,41.2,-0.052,0.91,-4.15,41.2,-0.015,0.98,-1.17,NO_TRAIL,-0.037
TATACONSUM,60,36.7,0.008,1.01,0.46,36.7,-0.086,0.86,-5.16,TRAIL,0.094
TATASTEEL,140,35.0,-0.138,0.78,-19.38,35.0,-0.126,0.8,-17.65,NO_TRAIL,-0.012
TECHM,169,48.5,0.431,1.84,72.9,48.5,0.213,1.41,36.0,TRAIL,0.218
TITAN,109,41.3,0.058,1.1,6.32,41.3,0.036,1.06,3.88,TRAIL,0.022
TRENT,142,43.7,0.076,1.14,10.79,43.7,0.097,1.17,13.72,NO_TRAIL,-0.021
ULTRACEMCO,94,45.7,0.066,1.12,6.22,45.7,0.122,1.22,11.45,NO_TRAIL,-0.056
WIPRO,92,47.8,0.039,1.07,3.57,47.8,0.185,1.36,17.05,NO_TRAIL,-0.146
ADANIENT,147,36.7,-0.059,0.91,-8.67,36.7,-0.077,0.88,-11.37,TRAIL,0.018
ETERNAL,161,54.7,0.512,2.13,82.4,54.7,0.366,1.81,59.0,TRAIL,0.146
JIOFIN,90,33.3,-0.197,0.7,-17.73,33.3,-0.167,0.75,-15.0,NO_TRAIL,-0.03
SHRIRAMFIN,165,44.2,0.073,1.13,12.12,44.2,0.109,1.2,17.97,NO_TRAIL,-0.036
BEL,104,35.6,-0.151,0.76,-15.66,35.6,-0.105,0.84,-10.9,NO_TRAIL,-0.046
ABB,135,45.2,0.163,1.3,22.07,45.2,0.13,1.24,17.5,TRAIL,0.033
AMBUJACEM,96,35.4,-0.181,0.72,-17.42,35.4,-0.119,0.82,-11.39,NO_TRAIL,-0.062
APOLLOHOSP,67,37.3,-0.05,0.92,-3.34,37.3,-0.067,0.89,-4.49,TRAIL,0.017
BAJAJHLDNG,111,45.9,0.106,1.2,11.81,45.9,0.149,1.27,16.5,NO_TRAIL,-0.043
BANKBARODA,83,41.0,0.159,1.27,13.21,41.0,0.034,1.06,2.82,TRAIL,0.125
BHEL,139,46.8,0.322,1.61,44.72,46.8,0.17,1.32,23.69,TRAIL,0.152
CGPOWER,142,40.1,0.012,1.02,1.69,40.1,0.002,1.0,0.27,TRAIL,0.01
CUMMINSIND,114,43.0,0.07,1.12,8.01,43.0,0.057,1.1,6.44,TRAIL,0.013
DLF,101,36.6,-0.151,0.76,-15.28,36.6,-0.097,0.84,-9.81,NO_TRAIL,-0.054
GAIL,99,30.3,-0.347,0.49,-34.33,30.3,-0.245,0.64,-24.21,NO_TRAIL,-0.102
GODREJCP,120,35.8,-0.181,0.72,-21.74,35.8,-0.104,0.84,-12.5,NO_TRAIL,-0.077
HAL,94,30.9,-0.234,0.66,-22.04,30.9,-0.229,0.67,-21.5,NO_TRAIL,-0.005
HAVELLS,114,40.4,-0.001,1.0,-0.14,40.4,0.009,1.01,1.0,NO_TRAIL,-0.01
INDHOTEL,114,38.6,-0.141,0.77,-16.04,38.6,-0.045,0.93,-5.12,NO_TRAIL,-0.096
JINDALSTEL,155,39.4,-0.012,0.98,-1.88,39.4,-0.028,0.95,-4.41,TRAIL,0.016
JSWENERGY,117,44.4,0.165,1.3,19.26,44.4,0.094,1.17,10.98,TRAIL,0.071
LODHA,154,42.9,0.107,1.19,16.44,42.9,0.068,1.12,10.41,TRAIL,0.039
MOTHERSON,99,51.5,0.205,1.42,20.28,51.5,0.279,1.58,27.64,NO_TRAIL,-0.074
MUTHOOTFIN,116,44.8,0.156,1.29,18.09,44.8,0.128,1.23,14.8,TRAIL,0.028
NHPC,68,36.8,-0.169,0.73,-11.47,36.8,-0.069,0.89,-4.69,NO_TRAIL,-0.1
NMDC,125,46.4,0.183,1.35,22.91,46.4,0.165,1.31,20.62,TRAIL,0.018
NAUKRI,129,40.3,-0.054,0.91,-6.94,40.3,0.013,1.02,1.64,NO_TRAIL,-0.067
PFC,138,44.9,0.249,1.46,34.35,44.9,0.13,1.24,17.93,TRAIL,0.119
PIDILITIND,83,41.0,-0.033,0.94,-2.76,41.0,-0.015,0.97,-1.27,NO_TRAIL,-0.018
PNB,114,48.2,0.252,1.49,28.75,48.2,0.214,1.42,24.38,TRAIL,0.038
RECLTD,134,36.6,-0.117,0.81,-15.71,36.6,-0.087,0.86,-11.63,NO_TRAIL,-0.03
SBILIFE,90,46.7,0.071,1.13,6.43,46.7,0.167,1.31,15.0,NO_TRAIL,-0.096
SIEMENS,139,45.3,0.203,1.38,28.18,45.3,0.127,1.24,17.64,TRAIL,0.076
SRF,129,45.0,0.118,1.22,15.2,45.0,0.125,1.23,16.13,NO_TRAIL,-0.007
TATAPOWER,111,43.2,0.031,1.05,3.39,43.2,0.044,1.08,4.93,NO_TRAIL,-0.013
TORNTPHARM,99,33.3,-0.048,0.93,-4.75,33.3,-0.167,0.75,-16.5,TRAIL,0.119
TVSMOTOR,135,35.6,-0.125,0.81,-16.93,35.6,-0.127,0.8,-17.16,TRAIL,0.002
UNIONBANK,173,39.3,-0.091,0.85,-15.75,39.3,-0.032,0.95,-5.47,NO_TRAIL,-0.059
VBL,92,30.4,-0.254,0.64,-23.35,30.4,-0.239,0.66,-22.0,NO_TRAIL,-0.015
VEDL,205,32.7,-0.249,0.63,-51.04,32.7,-0.179,0.73,-36.71,NO_TRAIL,-0.07
ADANIGREEN,124,43.5,0.022,1.04,2.68,43.5,0.079,1.14,9.78,NO_TRAIL,-0.057
ADANIENSOL,154,44.8,0.055,1.1,8.45,44.8,0.105,1.19,16.16,NO_TRAIL,-0.05
IRFC,55,27.3,-0.425,0.41,-23.36,27.3,-0.312,0.57,-17.14,NO_TRAIL,-0.113
IRCTC,95,29.5,-0.323,0.54,-30.71,29.5,-0.262,0.63,-24.87,NO_TRAIL,-0.061
MAXHEALTH,102,34.3,-0.203,0.69,-20.72,34.3,-0.142,0.78,-14.5,NO_TRAIL,-0.061
POLICYBZR,152,35.5,-0.187,0.71,-28.38,35.5,-0.108,0.83,-16.49,NO_TRAIL,-0.079
DMART,109,29.4,-0.248,0.65,-26.99,29.4,-0.273,0.61,-29.7,TRAIL,0.025
HDFCAMC,78,44.9,-0.003,1.0,-0.21,44.9,0.107,1.19,8.31,NO_TRAIL,-0.11
SOLARINDS,139,38.8,-0.026,0.96,-3.64,38.8,-0.036,0.94,-5.05,TRAIL,0.01
KPITTECH,194,43.8,0.164,1.29,31.91,43.8,0.096,1.17,18.57,TRAIL,0.068
PERSISTENT,201,43.8,0.103,1.18,20.67,43.8,0.096,1.17,19.37,TRAIL,0.007
OFSS,169,43.8,0.022,1.04,3.75,43.8,0.073,1.13,12.4,NO_TRAIL,-0.051
MPHASIS,173,49.7,0.19,1.38,32.92,49.7,0.232,1.46,40.1,NO_TRAIL,-0.042
COFORGE,155,51.6,0.366,1.78,56.81,51.6,0.294,1.62,45.53,TRAIL,0.072
ACC,96,42.7,-0.012,0.98,-1.12,42.7,0.068,1.12,6.5,NO_TRAIL,-0.08
APLAPOLLO,140,42.9,0.022,1.04,3.12,42.9,0.071,1.12,10.0,NO_TRAIL,-0.049
AUBANK,159,42.8,0.005,1.01,0.76,42.8,0.07,1.12,11.2,NO_TRAIL,-0.065
BANDHANBNK,173,40.5,-0.039,0.93,-6.68,40.5,0.015,1.03,2.66,NO_TRAIL,-0.054
BERGEPAINT,98,45.9,0.011,1.02,1.08,45.9,0.136,1.25,13.34,NO_TRAIL,-0.125
BOSCHLTD,148,43.9,0.189,1.34,28.04,43.9,0.098,1.17,14.5,TRAIL,0.091
CANBK,89,36.0,-0.102,0.84,-9.05,36.0,-0.118,0.82,-10.49,TRAIL,0.016
CHOLAFIN,103,30.1,-0.308,0.56,-31.7,30.1,-0.265,0.62,-27.27,NO_TRAIL,-0.043
COROMANDEL,183,45.9,0.042,1.08,7.74,45.9,0.138,1.25,25.17,NO_TRAIL,-0.096
DABUR,117,47.9,0.069,1.13,8.11,47.9,0.162,1.31,18.95,NO_TRAIL,-0.093
DEEPAKNTR,134,46.3,0.047,1.09,6.25,46.3,0.157,1.29,21.0,NO_TRAIL,-0.11
ESCORTS,161,44.7,0.077,1.14,12.35,44.7,0.109,1.2,17.61,NO_TRAIL,-0.032
EXIDEIND,87,37.9,-0.073,0.88,-6.36,37.9,-0.046,0.93,-3.98,NO_TRAIL,-0.027
FEDERALBNK,58,29.3,-0.239,0.66,-13.84,29.3,-0.267,0.62,-15.5,TRAIL,0.028
GLENMARK,158,39.9,-0.013,0.98,-2.01,39.9,-0.035,0.94,-5.59,TRAIL,0.022
GODREJPROP,150,42.7,0.114,1.2,17.06,42.7,0.061,1.11,9.09,TRAIL,0.053
HINDCOPPER,156,44.9,0.097,1.18,15.14,44.9,0.122,1.22,19.0,NO_TRAIL,-0.025
IDFCFIRSTB,92,34.8,-0.204,0.69,-18.75,34.8,-0.145,0.78,-13.36,NO_TRAIL,-0.059
INDUSTOWER,139,43.2,-0.019,0.97,-2.67,43.2,0.072,1.13,10.07,NO_TRAIL,-0.091
IOC,85,35.3,-0.188,0.71,-15.97,35.3,-0.118,0.82,-10.0,NO_TRAIL,-0.07
JKCEMENT,159,52.8,0.358,1.76,56.9,52.8,0.316,1.67,50.3,TRAIL,0.042
JUBLFOOD,109,49.5,0.356,1.7,38.76,49.5,0.221,1.44,24.04,TRAIL,0.135
LALPATHLAB,121,28.9,-0.296,0.58,-35.83,28.9,-0.29,0.59,-35.1,NO_TRAIL,-0.006
LUPIN,95,27.4,-0.366,0.5,-34.79,27.4,-0.316,0.57,-30.0,NO_TRAIL,-0.05
MANAPPURAM,113,38.9,-0.016,0.97,-1.85,38.9,-0.041,0.93,-4.66,TRAIL,0.025
MCX,151,32.5,-0.221,0.67,-33.35,32.5,-0.204,0.7,-30.79,NO_TRAIL,-0.017
MFSL,101,41.6,0.149,1.26,15.02,41.6,0.045,1.08,4.5,TRAIL,0.104
PAGEIND,105,42.9,0.028,1.05,2.96,42.9,0.062,1.11,6.55,NO_TRAIL,-0.034
PETRONET,131,39.7,-0.011,0.98,-1.45,39.7,-0.001,1.0,-0.14,NO_TRAIL,-0.01
PIIND,94,36.2,-0.016,0.97,-1.54,36.2,-0.096,0.85,-9.0,TRAIL,0.08
POLYCAB,149,43.6,0.026,1.05,3.9,43.6,0.075,1.13,11.19,NO_TRAIL,-0.049
RBLBANK,99,45.5,0.112,1.2,11.04,45.5,0.136,1.25,13.5,NO_TRAIL,-0.024
SAIL,197,39.1,-0.033,0.94,-6.59,39.1,-0.019,0.97,-3.81,NO_TRAIL,-0.014
SONACOMS,135,42.2,0.127,1.22,17.11,42.2,0.052,1.09,7.03,TRAIL,0.075
TIINDIA,144,41.0,-0.083,0.86,-12.02,41.0,0.018,1.03,2.65,NO_TRAIL,-0.101
TORNTPOWER,172,36.0,-0.137,0.78,-23.61,36.0,-0.096,0.85,-16.57,NO_TRAIL,-0.041
UBL,99,29.3,-0.374,0.47,-36.99,29.3,-0.297,0.58,-29.41,NO_TRAIL,-0.077
VOLTAS,185,37.8,-0.154,0.75,-28.47,37.8,-0.05,0.92,-9.27,NO_TRAIL,-0.104
ZYDUSLIFE,87,37.9,-0.129,0.79,-11.22,37.9,-0.052,0.92,-4.5,NO_TRAIL,-0.077
ASTRAL,103,42.7,0.161,1.28,16.61,42.7,0.058,1.1,5.96,TRAIL,0.103
BALKRISIND,131,42.0,-0.001,1.0,-0.15,42.0,0.053,1.09,6.91,NO_TRAIL,-0.054
BATAINDIA,91,39.6,-0.161,0.73,-14.66,39.6,-0.017,0.97,-1.52,NO_TRAIL,-0.144
CROMPTON,137,34.3,-0.211,0.68,-28.94,34.3,-0.147,0.77,-20.13,NO_TRAIL,-0.064
DALBHARAT,187,36.4,-0.195,0.69,-36.56,36.4,-0.106,0.83,-19.76,NO_TRAIL,-0.089
GNFC,133,45.1,0.123,1.23,16.37,45.1,0.121,1.22,16.08,TRAIL,0.002
JSWINFRA,104,41.3,-0.038,0.93,-3.98,41.3,0.022,1.04,2.24,NO_TRAIL,-0.06
KALYANKJIL,143,37.1,-0.105,0.83,-14.96,37.1,-0.073,0.88,-10.48,NO_TRAIL,-0.032
KEI,171,37.4,-0.02,0.97,-3.47,37.4,-0.06,0.9,-10.19,TRAIL,0.04
LICI,56,41.1,-0.049,0.92,-2.72,41.1,0.016,1.03,0.88,NO_TRAIL,-0.065
LTTS,121,43.0,0.149,1.26,18.05,43.0,0.074,1.13,9.0,TRAIL,0.075
NYKAA,100,47.0,0.213,1.41,21.33,47.0,0.185,1.36,18.49,TRAIL,0.028
OBEROIRLTY,96,36.5,-0.171,0.73,-16.42,36.5,-0.083,0.87,-7.97,NO_TRAIL,-0.088
POONAWALLA,121,38.0,0.025,1.04,3.05,38.0,-0.05,0.92,-6.0,TRAIL,0.075
PRESTIGE,144,45.8,0.235,1.43,33.81,45.8,0.143,1.26,20.63,TRAIL,0.092
SUPREMEIND,111,34.2,-0.057,0.91,-6.33,34.2,-0.13,0.8,-14.48,TRAIL,0.073
TATAELXSI,161,47.8,0.353,1.68,56.85,47.8,0.196,1.38,31.5,TRAIL,0.157
TATACHEM,125,43.2,0.311,1.55,38.86,43.2,0.08,1.14,10.0,TRAIL,0.231
AARTIIND,134,41.0,-0.02,0.97,-2.63,41.0,0.022,1.04,2.93,NO_TRAIL,-0.042
ABCAPITAL,134,32.1,-0.266,0.61,-35.6,32.1,-0.198,0.71,-26.5,NO_TRAIL,-0.068
ALKEM,88,29.5,-0.228,0.68,-20.09,29.5,-0.261,0.63,-23.0,TRAIL,0.033
AUROPHARMA,136,36.8,-0.1,0.84,-13.63,36.8,-0.075,0.88,-10.22,NO_TRAIL,-0.025
BIOCON,101,34.7,-0.254,0.61,-25.66,34.7,-0.139,0.79,-14.02,NO_TRAIL,-0.115
BLUESTARCO,161,35.4,-0.135,0.79,-21.76,35.4,-0.121,0.81,-19.45,NO_TRAIL,-0.014
CAMS,99,36.4,-0.096,0.85,-9.55,36.4,-0.081,0.87,-8.02,NO_TRAIL,-0.015
CANFINHOME,132,37.1,0.047,1.07,6.14,37.1,-0.087,0.86,-11.48,TRAIL,0.134
CDSL,68,44.1,-0.034,0.94,-2.34,44.1,0.086,1.15,5.88,NO_TRAIL,-0.12
CHOLAHLDNG,153,37.9,0.061,1.1,9.4,37.9,-0.058,0.91,-8.85,TRAIL,0.119
CREDITACC,143,44.1,0.197,1.36,28.23,44.1,0.103,1.19,14.69,TRAIL,0.094
DCBBANK,135,40.0,-0.007,0.99,-0.95,40.0,-0.014,0.98,-1.83,TRAIL,0.007
EIDPARRY,112,49.1,0.153,1.31,17.19,49.1,0.229,1.46,25.66,NO_TRAIL,-0.076
EMAMILTD,84,31.0,-0.249,0.63,-20.94,31.0,-0.231,0.66,-19.37,NO_TRAIL,-0.018
FINPIPE,127,40.2,-0.052,0.91,-6.6,40.2,-0.016,0.97,-1.98,NO_TRAIL,-0.036
FLUOROCHEM,159,34.0,-0.191,0.7,-30.41,34.0,-0.146,0.77,-23.24,NO_TRAIL,-0.045
FORTIS,118,33.9,-0.271,0.59,-32.03,33.9,-0.173,0.74,-20.42,NO_TRAIL,-0.098
GICRE,75,38.7,-0.144,0.77,-10.79,38.7,-0.04,0.93,-3.01,NO_TRAIL,-0.104
GLAXO,93,35.5,-0.122,0.81,-11.38,35.5,-0.144,0.78,-13.4,TRAIL,0.022
HUDCO,102,42.2,-0.021,0.96,-2.12,42.2,0.06,1.11,6.15,NO_TRAIL,-0.081
INDIANB,144,38.9,-0.099,0.84,-14.21,38.9,-0.053,0.91,-7.61,NO_TRAIL,-0.046
INDIAMART,100,45.0,0.015,1.03,1.47,45.0,0.126,1.23,12.61,NO_TRAIL,-0.111
IOLCP,162,35.2,-0.144,0.78,-23.26,35.2,-0.12,0.81,-19.38,NO_TRAIL,-0.024
IPCALAB,127,32.3,-0.147,0.78,-18.67,32.3,-0.199,0.71,-25.27,TRAIL,0.052
JBCHEPHARM,111,42.3,-0.049,0.91,-5.48,42.3,0.067,1.12,7.4,NO_TRAIL,-0.116
JYOTHYLAB,113,47.8,0.266,1.51,30.08,47.8,0.167,1.32,18.88,TRAIL,0.099
KANSAINER,121,43.0,0.038,1.07,4.58,43.0,0.055,1.1,6.61,NO_TRAIL,-0.017
KAYNES,146,40.4,0.006,1.01,0.94,40.4,0.003,1.01,0.44,TRAIL,0.003
LICHSGFIN,125,41.6,0.003,1.01,0.37,41.6,0.034,1.06,4.24,NO_TRAIL,-0.031
MAHLIFE,161,50.3,0.147,1.3,23.68,50.3,0.255,1.52,41.13,NO_TRAIL,-0.108
MEDANTA,129,36.4,-0.153,0.76,-19.72,36.4,-0.093,0.85,-11.98,NO_TRAIL,-0.06
METROPOLIS,96,38.5,0.092,1.15,8.81,38.5,-0.034,0.94,-3.29,TRAIL,0.126
MGL,149,43.0,-0.039,0.93,-5.74,43.0,0.064,1.11,9.48,NO_TRAIL,-0.103
NAVINFLUOR,124,43.5,0.316,1.56,39.18,43.5,0.069,1.12,8.62,TRAIL,0.247
NIACL,116,37.1,-0.113,0.82,-13.17,37.1,-0.068,0.89,-7.93,NO_TRAIL,-0.045
OLECTRA,98,31.6,-0.275,0.6,-26.91,31.6,-0.218,0.68,-21.35,NO_TRAIL,-0.057
PATANJALI,57,29.8,-0.3,0.57,-17.12,29.8,-0.254,0.63,-14.46,NO_TRAIL,-0.046
PCBL,132,42.4,-0.043,0.92,-5.74,42.4,0.061,1.11,8.0,NO_TRAIL,-0.104
PFIZER,72,38.9,-0.084,0.86,-6.04,38.9,-0.031,0.95,-2.23,NO_TRAIL,-0.053
RITES,103,43.7,-0.045,0.92,-4.64,43.7,0.092,1.16,9.5,NO_TRAIL,-0.137
RRKABEL,145,42.1,-0.014,0.98,-2.09,42.1,0.052,1.09,7.47,NO_TRAIL,-0.066
SCHAEFFLER,158,44.9,0.025,1.05,3.97,44.9,0.112,1.2,17.77,NO_TRAIL,-0.087
SJVN,92,34.8,-0.213,0.67,-19.63,34.8,-0.139,0.78,-12.77,NO_TRAIL,-0.074
SKFINDIA,113,41.6,-0.046,0.92,-5.17,41.6,0.04,1.07,4.5,NO_TRAIL,-0.086
SYNGENE,152,37.5,-0.009,0.99,-1.31,37.5,-0.048,0.92,-7.28,TRAIL,0.039
THERMAX,179,46.9,0.22,1.42,39.38,46.9,0.146,1.28,26.21,TRAIL,0.074
TRIDENT,82,43.9,-0.079,0.86,-6.46,43.9,0.098,1.17,8.0,NO_TRAIL,-0.177
