exit_reason,exit_time,entry_credit,exit_credit,pnl,entry_time,entry_date,expiry,signal,short_offset,hedge_offset,option_type,lot_size
Intra-Bar Stop Loss,2021-04-13 09:15:00,67.15,124.23,-2853.88,2021-04-12 12:00:00,2021-04-12,2021-04-29,BEARISH_ENTRY,ATM+2,ATM+5,CALL,50
Intra-Bar Target Hit,2021-04-28 09:15:00,35.15,12.3,1142.38,2021-04-27 14:00:00,2021-04-27,2021-04-29,BULLISH_ENTRY,ATM-2,ATM-5,PUT,50
Intra-Bar Target Hit,2021-04-28 14:15:00,29.65,10.38,963.62,2021-04-28 11:00:00,2021-04-28,2021-04-29,BULLISH_ENTRY,ATM-2,ATM-5,PUT,50
Gap Target Hit,2021-05-03 09:15:00,69.6,-21.3,4545.0,2021-04-30 14:00:00,2021-04-30,2021-05-27,BEARISH_ENTRY,ATM+2,ATM+5,CALL,50
Trend Reversal,2021-05-12 10:15:00,52.0,51.65,17.5,2021-05-06 15:00:00,2021-05-06,2021-05-27,BULLISH_ENTRY,ATM-2,ATM-5,PUT,50
Trend Reversal,2021-05-12 10:15:00,48.0,51.65,-182.5,2021-05-10 12:00:00,2021-05-10,2021-05-27,BULLISH_ENTRY,ATM-2,ATM-5,PUT,50
Intra-Bar Stop Loss,2021-05-18 09:15:00,46.95,86.86,-1995.38,2021-05-17 12:00:00,2021-05-17,2021-05-27,BULLISH_ENTRY,ATM-2,ATM-5,PUT,50
Trend Reversal,2021-05-20 14:15:00,40.85,36.25,230.0,2021-05-18 11:00:00,2021-05-18,2021-05-27,BULLISH_ENTRY,ATM-2,ATM-5,PUT,50
Intra-Bar Stop Loss,2021-05-24 09:15:00,33.2,61.42,-1411.0,2021-05-21 15:00:00,2021-05-21,2021-05-27,BULLISH_ENTRY,ATM-2,ATM-5,PUT,50
Intra-Bar Target Hit,2021-05-25 09:15:00,31.9,11.16,1036.75,2021-05-24 14:00:00,2021-05-24,2021-05-27,BULLISH_ENTRY,ATM-2,ATM-5,PUT,50
Intra-Bar Target Hit,2021-06-16 09:15:00,40.65,14.23,1321.12,2021-06-14 14:00:00,2021-06-14,2021-06-24,BULLISH_ENTRY,ATM-2,ATM-5,PUT,50
Intra-Bar Target Hit,2021-06-22 09:15:00,27.35,9.57,888.88,2021-06-21 15:00:00,2021-06-21,2021-06-24,BULLISH_ENTRY,ATM-2,ATM-5,PUT,50
Intra-Bar Target Hit,2021-06-24 13:15:00,7.35,2.57,238.88,2021-06-24 13:00:00,2021-06-24,2021-06-24,BULLISH_ENTRY,ATM-2,ATM-5,PUT,50
Intra-Bar Target Hit,2021-07-22 09:15:00,48.25,16.89,1568.12,2021-07-20 11:00:00,2021-07-20,2021-07-29,BEARISH_ENTRY,ATM+2,ATM+5,CALL,50
Intra-Bar Stop Loss,2021-07-23 09:15:00,25.85,47.82,-1098.63,2021-07-22 15:00:00,2021-07-22,2021-07-29,BULLISH_ENTRY,ATM-2,ATM-5,PUT,50
Intra-Bar Target Hit,2021-07-26 09:15:00,29.2,10.22,949.0,2021-07-23 12:00:00,2021-07-23,2021-07-29,BULLISH_ENTRY,ATM-2,ATM-5,PUT,50
Intra-Bar Target Hit,2021-07-29 12:15:00,5.05,1.77,164.12,2021-07-29 12:00:00,2021-07-29,2021-07-29,BULLISH_ENTRY,ATM-2,ATM-5,PUT,50
Intra-Bar Target Hit,2021-08-04 09:15:00,43.9,15.37,1426.75,2021-08-02 10:00:00,2021-08-02,2021-08-26,BULLISH_ENTRY,ATM-2,ATM-5,PUT,50
Intra-Bar Target Hit,2021-08-11 09:15:00,52.1,18.23,1693.25,2021-08-09 12:00:00,2021-08-09,2021-08-26,BEARISH_ENTRY,ATM+2,ATM+5,CALL,50
Intra-Bar Target Hit,2021-08-16 09:15:00,56.1,19.64,1823.25,2021-08-11 10:00:00,2021-08-11,2021-08-26,BEARISH_ENTRY,ATM+2,ATM+5,CALL,50
Intra-Bar Target Hit,2021-09-01 10:15:00,51.65,18.08,1678.63,2021-08-31 14:00:00,2021-08-31,2021-09-30,BULLISH_ENTRY,ATM-2,ATM-5,PUT,50
Gap Target Hit,2021-09-13 09:15:00,51.8,4.75,2352.5,2021-09-02 12:00:00,2021-09-02,2021-09-30,BULLISH_ENTRY,ATM-2,ATM-5,PUT,50
Gap Target Hit,2021-09-13 09:15:00,49.5,4.75,2237.5,2021-09-03 10:00:00,2021-09-03,2021-09-30,BULLISH_ENTRY,ATM-2,ATM-5,PUT,50
Intra-Bar Stop Loss,2021-09-21 09:15:00,47.0,86.95,-1997.5,2021-09-20 12:00:00,2021-09-20,2021-09-30,BEARISH_ENTRY,ATM+2,ATM+5,CALL,50
Intra-Bar Target Hit,2021-09-24 09:15:00,42.4,14.84,1378.0,2021-09-22 10:00:00,2021-09-22,2021-09-30,BULLISH_ENTRY,ATM-2,ATM-5,PUT,50
Intra-Bar Target Hit,2021-09-24 09:15:00,42.4,14.84,1378.0,2021-09-23 11:00:00,2021-09-23,2021-09-30,BULLISH_ENTRY,ATM-2,ATM-5,PUT,50
Intra-Bar Target Hit,2021-09-28 14:15:00,39.25,13.74,1275.63,2021-09-28 13:00:00,2021-09-28,2021-09-30,BEARISH_ENTRY,ATM+2,ATM+5,CALL,50
Trend Reversal,2021-10-08 10:15:00,59.05,56.65,120.0,2021-10-06 15:00:00,2021-10-06,2021-10-28,BEARISH_ENTRY,ATM+2,ATM+5,CALL,50
Intra-Bar Stop Loss,2021-10-13 09:15:00,49.15,90.93,-2088.88,2021-10-12 15:00:00,2021-10-12,2021-10-28,BULLISH_ENTRY,ATM-2,ATM-5,PUT,50
Gap Target Hit,2021-10-19 09:15:00,52.35,12.15,2010.0,2021-10-13 11:00:00,2021-10-13,2021-10-28,BULLISH_ENTRY,ATM-2,ATM-5,PUT,50
Gap Target Hit,2021-10-19 09:15:00,48.4,12.15,1812.5,2021-10-14 14:00:00,2021-10-14,2021-10-28,BULLISH_ENTRY,ATM-2,ATM-5,PUT,50
Trend Reversal,2021-10-20 10:15:00,49.7,39.75,497.5,2021-10-19 11:00:00,2021-10-19,2021-10-28,BULLISH_ENTRY,ATM-2,ATM-5,PUT,50
Intra-Bar Target Hit,2021-10-21 10:15:00,57.45,20.11,1867.13,2021-10-20 12:00:00,2021-10-20,2021-10-28,BEARISH_ENTRY,ATM+2,ATM+5,CALL,50
Intra-Bar Target Hit,2021-10-22 09:15:00,57.5,20.12,1868.75,2021-10-21 13:00:00,2021-10-21,2021-10-28,BEARISH_ENTRY,ATM+2,ATM+5,CALL,50
Intra-Bar Target Hit,2021-10-27 14:15:00,22.15,7.75,719.88,2021-10-27 11:00:00,2021-10-27,2021-10-28,BULLISH_ENTRY,ATM-2,ATM-5,PUT,50
Trend Reversal,2021-11-08 12:15:00,61.5,62.7,-60.0,2021-11-02 13:00:00,2021-11-02,2021-11-25,BEARISH_ENTRY,ATM+2,ATM+5,CALL,50
Trend Reversal,2021-11-11 10:15:00,47.9,57.8,-495.0,2021-11-08 15:00:00,2021-11-08,2021-11-25,BULLISH_ENTRY,ATM-2,ATM-5,PUT,50
Intra-Bar Target Hit,2021-11-17 09:15:00,55.35,19.37,1798.88,2021-11-15 11:00:00,2021-11-15,2021-11-25,BEARISH_ENTRY,ATM+2,ATM+5,CALL,50
Intra-Bar Target Hit,2021-11-17 09:15:00,51.75,18.11,1681.88,2021-11-16 10:00:00,2021-11-16,2021-11-25,BEARISH_ENTRY,ATM+2,ATM+5,CALL,50
Intra-Bar Target Hit,2021-11-18 09:15:00,52.7,18.45,1712.75,2021-11-17 12:00:00,2021-11-17,2021-11-25,BEARISH_ENTRY,ATM+2,ATM+5,CALL,50
Intra-Bar Stop Loss,2021-11-22 14:15:00,40.2,74.37,-1708.5,2021-11-22 13:00:00,2021-11-22,2021-11-25,BEARISH_ENTRY,ATM+2,ATM+5,CALL,50
Intra-Bar Target Hit,2021-11-24 14:15:00,26.2,9.17,851.5,2021-11-24 14:00:00,2021-11-24,2021-11-25,BEARISH_ENTRY,ATM+2,ATM+5,CALL,50
Intra-Bar Stop Loss,2021-11-30 09:15:00,27.8,51.43,-1181.5,2021-11-26 13:00:00,2021-11-26,2021-12-30,BEARISH_ENTRY,ATM+2,ATM+5,CALL,50
Intra-Bar Target Hit,2021-12-01 09:15:00,79.85,27.95,2595.12,2021-11-30 15:00:00,2021-11-30,2021-12-30,BEARISH_ENTRY,ATM+2,ATM+5,CALL,50
Gap Stop Loss,2021-12-03 09:15:00,45.55,86.7,-2057.5,2021-12-02 15:00:00,2021-12-02,2021-12-30,BULLISH_ENTRY,ATM-2,ATM-5,PUT,50
Intra-Bar Target Hit,2021-12-07 09:15:00,73.05,25.57,2374.13,2021-12-06 15:00:00,2021-12-06,2021-12-30,BEARISH_ENTRY,ATM+2,ATM+5,CALL,50
Intra-Bar Target Hit,2021-12-08 09:15:00,47.65,16.68,1548.63,2021-12-07 11:00:00,2021-12-07,2021-12-30,BULLISH_ENTRY,ATM-2,ATM-5,PUT,50
Intra-Bar Target Hit,2021-12-10 09:15:00,45.25,15.84,1470.62,2021-12-08 11:00:00,2021-12-08,2021-12-30,BULLISH_ENTRY,ATM-2,ATM-5,PUT,50
Intra-Bar Target Hit,2021-12-14 09:15:00,63.35,22.17,2058.87,2021-12-13 13:00:00,2021-12-13,2021-12-30,BEARISH_ENTRY,ATM+2,ATM+5,CALL,50
Gap Target Hit,2021-12-20 09:15:00,63.55,2.25,3065.0,2021-12-15 10:00:00,2021-12-15,2021-12-30,BEARISH_ENTRY,ATM+2,ATM+5,CALL,50
Gap Target Hit,2021-12-20 09:15:00,64.2,2.25,3097.5,2021-12-17 14:00:00,2021-12-17,2021-12-30,BEARISH_ENTRY,ATM+2,ATM+5,CALL,50
Intra-Bar Target Hit,2021-12-20 12:15:00,62.7,21.95,2037.75,2021-12-20 11:00:00,2021-12-20,2021-12-30,BEARISH_ENTRY,ATM+2,ATM+5,CALL,50
Intra-Bar Target Hit,2021-12-21 14:15:00,40.35,14.12,1311.38,2021-12-21 11:00:00,2021-12-21,2021-12-30,BULLISH_ENTRY,ATM-2,ATM-5,PUT,50
Intra-Bar Target Hit,2021-12-23 09:15:00,36.55,12.79,1187.88,2021-12-22 14:00:00,2021-12-22,2021-12-30,BULLISH_ENTRY,ATM-2,ATM-5,PUT,50
Intra-Bar Target Hit,2021-12-28 14:15:00,26.85,9.4,872.62,2021-12-28 11:00:00,2021-12-28,2021-12-30,BULLISH_ENTRY,ATM-2,ATM-5,PUT,50
Intra-Bar Target Hit,2022-01-03 09:15:00,52.7,18.44,1712.75,2021-12-31 11:00:00,2021-12-31,2022-01-27,BULLISH_ENTRY,ATM-2,ATM-5,PUT,50
Intra-Bar Target Hit,2022-01-04 09:15:00,48.85,17.1,1587.62,2022-01-03 11:00:00,2022-01-03,2022-01-27,BULLISH_ENTRY,ATM-2,ATM-5,PUT,50
Gap Target Hit,2022-01-05 09:15:00,52.15,17.3,1742.5,2022-01-04 12:00:00,2022-01-04,2022-01-27,BULLISH_ENTRY,ATM-2,ATM-5,PUT,50
Intra-Bar Stop Loss,2022-01-06 09:15:00,42.95,79.46,-1825.37,2022-01-05 13:00:00,2022-01-05,2022-01-27,BULLISH_ENTRY,ATM-2,ATM-5,PUT,50
Intra-Bar Stop Loss,2022-01-11 09:15:00,46.6,86.21,-1980.5,2022-01-10 14:00:00,2022-01-10,2022-01-27,BULLISH_ENTRY,ATM-2,ATM-5,PUT,50
Intra-Bar Target Hit,2022-01-12 09:15:00,61.35,21.47,1993.88,2022-01-11 10:00:00,2022-01-11,2022-01-27,BULLISH_ENTRY,ATM-2,ATM-5,PUT,50
Intra-Bar Target Hit,2022-01-13 09:15:00,47.35,16.57,1538.88,2022-01-12 11:00:00,2022-01-12,2022-01-27,BULLISH_ENTRY,ATM-2,ATM-5,PUT,50
Intra-Bar Target Hit,2022-01-14 09:15:00,43.65,15.28,1418.62,2022-01-13 11:00:00,2022-01-13,2022-01-27,BULLISH_ENTRY,ATM-2,ATM-5,PUT,50
Intra-Bar Target Hit,2022-01-18 09:15:00,48.4,16.94,1573.0,2022-01-17 10:00:00,2022-01-17,2022-01-27,BULLISH_ENTRY,ATM-2,ATM-5,PUT,50
Intra-Bar Stop Loss,2022-01-19 09:15:00,55.7,103.05,-2367.25,2022-01-18 15:00:00,2022-01-18,2022-01-27,BEARISH_ENTRY,ATM+2,ATM+5,CALL,50
Intra-Bar Stop Loss,2022-01-24 14:15:00,53.9,99.71,-2290.75,2022-01-24 14:00:00,2022-01-24,2022-01-27,BEARISH_ENTRY,ATM+2,ATM+5,CALL,50
Intra-Bar Target Hit,2022-01-27 11:15:00,16.45,5.76,534.62,2022-01-27 11:00:00,2022-01-27,2022-01-27,BEARISH_ENTRY,ATM+2,ATM+5,CALL,50
Intra-Bar Target Hit,2022-01-28 13:15:00,65.8,23.03,2138.5,2022-01-28 12:00:00,2022-01-28,2022-02-24,BULLISH_ENTRY,ATM-2,ATM-5,PUT,50
Intra-Bar Target Hit,2022-02-01 09:15:00,61.85,21.65,2010.13,2022-01-31 12:00:00,2022-01-31,2022-02-24,BULLISH_ENTRY,ATM-2,ATM-5,PUT,50
Intra-Bar Target Hit,2022-02-03 09:15:00,60.1,21.04,1953.25,2022-02-02 11:00:00,2022-02-02,2022-02-24,BULLISH_ENTRY,ATM-2,ATM-5,PUT,50
Trend Reversal,2022-02-10 11:15:00,66.05,60.45,280.0,2022-02-08 10:00:00,2022-02-08,2022-02-24,BEARISH_ENTRY,ATM+2,ATM+5,CALL,50
Intra-Bar Target Hit,2022-02-11 09:15:00,52.6,18.41,1709.5,2022-02-10 11:00:00,2022-02-10,2022-02-24,BULLISH_ENTRY,ATM-2,ATM-5,PUT,50
Trend Reversal,2022-02-15 13:15:00,63.6,61.0,130.0,2022-02-14 12:00:00,2022-02-14,2022-02-24,BEARISH_ENTRY,ATM+2,ATM+5,CALL,50
Intra-Bar Target Hit,2022-02-16 14:15:00,51.5,18.02,1673.75,2022-02-16 12:00:00,2022-02-16,2022-02-24,BULLISH_ENTRY,ATM-2,ATM-5,PUT,50
Intra-Bar Stop Loss,2022-03-02 09:15:00,7.55,13.97,-320.88,2022-02-28 15:00:00,2022-02-28,2022-03-31,BULLISH_ENTRY,ATM-2,ATM-5,PUT,50
Intra-Bar Stop Loss,2022-03-03 09:15:00,59.95,110.91,-2547.88,2022-03-02 15:00:00,2022-03-02,2022-03-31,BULLISH_ENTRY,ATM-2,ATM-5,PUT,50
Intra-Bar Stop Loss,2022-03-03 12:15:00,51.2,94.72,-2176.0,2022-03-03 11:00:00,2022-03-03,2022-03-31,BULLISH_ENTRY,ATM-2,ATM-5,PUT,50
Intra-Bar Stop Loss,2022-03-08 11:15:00,53.95,99.81,-2292.88,2022-03-08 11:00:00,2022-03-08,2022-03-31,BEARISH_ENTRY,ATM+2,ATM+5,CALL,50
Intra-Bar Stop Loss,2022-03-09 11:15:00,39.3,72.71,-1670.25,2022-03-09 11:00:00,2022-03-09,2022-03-31,BULLISH_ENTRY,ATM-2,ATM-5,PUT,50
Intra-Bar Stop Loss,2022-03-15 09:15:00,51.9,96.02,-2205.75,2022-03-14 12:00:00,2022-03-14,2022-03-31,BULLISH_ENTRY,ATM-2,ATM-5,PUT,50
Gap Target Hit,2022-03-17 09:15:00,50.35,5.0,2267.5,2022-03-16 11:00:00,2022-03-16,2022-03-31,BULLISH_ENTRY,ATM-2,ATM-5,PUT,50
Intra-Bar Target Hit,2022-03-21 09:15:00,48.95,17.13,1590.87,2022-03-17 11:00:00,2022-03-17,2022-03-31,BULLISH_ENTRY,ATM-2,ATM-5,PUT,50
Intra-Bar Target Hit,2022-03-23 12:15:00,48.8,17.08,1586.0,2022-03-22 15:00:00,2022-03-22,2022-03-31,BULLISH_ENTRY,ATM-2,ATM-5,PUT,50
Intra-Bar Target Hit,2022-03-30 09:15:00,18.55,6.49,602.87,2022-03-29 15:00:00,2022-03-29,2022-03-31,BULLISH_ENTRY,ATM-2,ATM-5,PUT,50
Intra-Bar Stop Loss,2022-03-30 13:15:00,19.45,35.98,-826.63,2022-03-30 11:00:00,2022-03-30,2022-03-31,BULLISH_ENTRY,ATM-2,ATM-5,PUT,50
Intra-Bar Target Hit,2022-03-31 12:15:00,10.7,3.74,347.75,2022-03-31 10:00:00,2022-03-31,2022-03-31,BULLISH_ENTRY,ATM-2,ATM-5,PUT,50
Intra-Bar Stop Loss,2022-04-04 09:15:00,48.2,89.17,-2048.5,2022-04-01 14:00:00,2022-04-01,2022-04-28,BULLISH_ENTRY,ATM-2,ATM-5,PUT,50
Intra-Bar Target Hit,2022-04-08 09:15:00,76.1,26.64,2473.25,2022-04-07 13:00:00,2022-04-07,2022-04-28,BEARISH_ENTRY,ATM+2,ATM+5,CALL,50
Intra-Bar Target Hit,2022-04-18 09:15:00,65.45,22.91,2127.12,2022-04-12 10:00:00,2022-04-12,2022-04-28,BEARISH_ENTRY,ATM+2,ATM+5,CALL,50
Intra-Bar Stop Loss,2022-04-19 14:15:00,63.1,116.73,-2681.75,2022-04-18 12:00:00,2022-04-18,2022-04-28,BEARISH_ENTRY,ATM+2,ATM+5,CALL,50
Intra-Bar Stop Loss,2022-04-19 14:15:00,59.6,110.26,-2533.0,2022-04-19 14:00:00,2022-04-19,2022-04-28,BEARISH_ENTRY,ATM+2,ATM+5,CALL,50
Gap Stop Loss,2022-04-22 09:15:00,44.3,232.85,-9427.5,2022-04-21 14:00:00,2022-04-21,2022-04-28,BULLISH_ENTRY,ATM-2,ATM-5,PUT,50
Intra-Bar Target Hit,2022-04-26 09:15:00,49.15,17.2,1597.37,2022-04-25 12:00:00,2022-04-25,2022-04-28,BEARISH_ENTRY,ATM+2,ATM+5,CALL,50
Intra-Bar Stop Loss,2022-04-27 12:15:00,27.0,49.95,-1147.5,2022-04-27 10:00:00,2022-04-27,2022-04-28,BEARISH_ENTRY,ATM+2,ATM+5,CALL,50
Intra-Bar Stop Loss,2022-04-28 14:15:00,1.55,2.87,-65.88,2022-04-28 14:00:00,2022-04-28,2022-04-28,BULLISH_ENTRY,ATM-2,ATM-5,PUT,50
Intra-Bar Stop Loss,2022-04-29 14:15:00,51.6,95.46,-2193.0,2022-04-29 11:00:00,2022-04-29,2022-05-26,BULLISH_ENTRY,ATM-2,ATM-5,PUT,50
Intra-Bar Stop Loss,2022-05-11 13:15:00,59.95,110.91,-2547.88,2022-05-11 12:00:00,2022-05-11,2022-05-26,BEARISH_ENTRY,ATM+2,ATM+5,CALL,50
Intra-Bar Target Hit,2022-05-18 12:15:00,50.8,17.78,1651.0,2022-05-17 13:00:00,2022-05-17,2022-05-26,BULLISH_ENTRY,ATM-2,ATM-5,PUT,50
Intra-Bar Target Hit,2022-05-20 09:15:00,56.85,19.9,1847.62,2022-05-19 12:00:00,2022-05-19,2022-05-26,BEARISH_ENTRY,ATM+2,ATM+5,CALL,50
Intra-Bar Target Hit,2022-05-23 09:15:00,49.6,17.36,1612.0,2022-05-20 14:00:00,2022-05-20,2022-05-26,BULLISH_ENTRY,ATM-2,ATM-5,PUT,50
Intra-Bar Stop Loss,2022-05-24 09:15:00,48.65,90.0,-2067.63,2022-05-23 11:00:00,2022-05-23,2022-05-26,BULLISH_ENTRY,ATM-2,ATM-5,PUT,50
Intra-Bar Target Hit,2022-05-25 13:15:00,38.95,13.63,1265.88,2022-05-25 11:00:00,2022-05-25,2022-05-26,BEARISH_ENTRY,ATM+2,ATM+5,CALL,50
Intra-Bar Target Hit,2022-05-26 14:15:00,6.0,2.1,195.0,2022-05-26 14:00:00,2022-05-26,2022-05-26,BULLISH_ENTRY,ATM-2,ATM-5,PUT,50
Intra-Bar Target Hit,2022-05-31 13:15:00,62.55,21.89,2032.87,2022-05-30 11:00:00,2022-05-30,2022-06-30,BULLISH_ENTRY,ATM-2,ATM-5,PUT,50
Intra-Bar Target Hit,2022-05-31 13:15:00,62.1,21.73,2018.25,2022-05-31 13:00:00,2022-05-31,2022-06-30,BULLISH_ENTRY,ATM-2,ATM-5,PUT,50
Intra-Bar Target Hit,2022-06-03 09:15:00,58.05,20.32,1886.62,2022-06-02 12:00:00,2022-06-02,2022-06-30,BULLISH_ENTRY,ATM-2,ATM-5,PUT,50
Intra-Bar Stop Loss,2022-06-10 11:15:00,42.0,77.7,-1785.0,2022-06-10 11:00:00,2022-06-10,2022-06-30,BEARISH_ENTRY,ATM+2,ATM+5,CALL,50
Intra-Bar Stop Loss,2022-06-17 09:15:00,64.05,118.49,-2722.13,2022-06-14 14:00:00,2022-06-14,2022-06-30,BEARISH_ENTRY,ATM+2,ATM+5,CALL,50
Intra-Bar Stop Loss,2022-06-17 09:15:00,64.95,120.16,-2760.38,2022-06-15 15:00:00,2022-06-15,2022-06-30,BEARISH_ENTRY,ATM+2,ATM+5,CALL,50
Intra-Bar Target Hit,2022-06-17 14:15:00,69.25,24.24,2250.62,2022-06-17 10:00:00,2022-06-17,2022-06-30,BEARISH_ENTRY,ATM+2,ATM+5,CALL,50
Intra-Bar Target Hit,2022-06-22 09:15:00,47.1,16.49,1530.75,2022-06-21 11:00:00,2022-06-21,2022-06-30,BULLISH_ENTRY,ATM-2,ATM-5,PUT,50
Intra-Bar Stop Loss,2022-07-06 09:15:00,56.75,104.99,-2411.87,2022-07-05 11:00:00,2022-07-05,2022-07-28,BULLISH_ENTRY,ATM-2,ATM-5,PUT,50
Intra-Bar Target Hit,2022-07-07 09:15:00,56.05,19.62,1821.63,2022-07-06 15:00:00,2022-07-06,2022-07-28,BULLISH_ENTRY,ATM-2,ATM-5,PUT,50
Trend Reversal,2022-07-18 10:15:00,59.9,62.6,-135.0,2022-07-13 12:00:00,2022-07-13,2022-07-28,BEARISH_ENTRY,ATM+2,ATM+5,CALL,50
Trend Reversal,2022-07-18 10:15:00,58.15,62.6,-222.5,2022-07-14 14:00:00,2022-07-14,2022-07-28,BEARISH_ENTRY,ATM+2,ATM+5,CALL,50
Gap Stop Loss,2022-07-20 09:15:00,41.9,94.4,-2625.0,2022-07-18 12:00:00,2022-07-18,2022-07-28,BULLISH_ENTRY,ATM-2,ATM-5,PUT,50
Gap Stop Loss,2022-07-20 09:15:00,44.8,94.4,-2480.0,2022-07-19 14:00:00,2022-07-19,2022-07-28,BULLISH_ENTRY,ATM-2,ATM-5,PUT,50
Intra-Bar Target Hit,2022-07-21 09:15:00,42.3,14.8,1374.75,2022-07-20 12:00:00,2022-07-20,2022-07-28,BULLISH_ENTRY,ATM-2,ATM-5,PUT,50
Intra-Bar Target Hit,2022-07-22 09:15:00,43.0,15.05,1397.5,2022-07-21 15:00:00,2022-07-21,2022-07-28,BULLISH_ENTRY,ATM-2,ATM-5,PUT,50
Intra-Bar Target Hit,2022-07-25 09:15:00,44.55,15.59,1447.88,2022-07-22 10:00:00,2022-07-22,2022-07-28,BULLISH_ENTRY,ATM-2,ATM-5,PUT,50
Gap Target Hit,2022-07-28 09:15:00,29.5,6.8,1135.0,2022-07-26 14:00:00,2022-07-26,2022-07-28,BEARISH_ENTRY,ATM+2,ATM+5,CALL,50
Intra-Bar Target Hit,2022-07-28 11:15:00,10.45,3.66,339.62,2022-07-28 11:00:00,2022-07-28,2022-07-28,BULLISH_ENTRY,ATM-2,ATM-5,PUT,50
Gap Target Hit,2022-08-01 09:15:00,47.9,-18.7,3330.0,2022-07-29 15:00:00,2022-07-29,2022-08-25,BULLISH_ENTRY,ATM-2,ATM-5,PUT,50
Intra-Bar Target Hit,2022-08-02 15:15:00,50.4,17.64,1638.0,2022-08-01 12:00:00,2022-08-01,2022-08-25,BULLISH_ENTRY,ATM-2,ATM-5,PUT,50
Intra-Bar Target Hit,2022-08-02 15:15:00,51.35,17.97,1668.88,2022-08-02 14:00:00,2022-08-02,2022-08-25,BULLISH_ENTRY,ATM-2,ATM-5,PUT,50
Intra-Bar Stop Loss,2022-08-04 11:15:00,54.25,100.36,-2305.63,2022-08-04 10:00:00,2022-08-04,2022-08-25,BULLISH_ENTRY,ATM-2,ATM-5,PUT,50
Gap Target Hit,2022-08-10 09:15:00,49.9,4.0,2295.0,2022-08-05 10:00:00,2022-08-05,2022-08-25,BULLISH_ENTRY,ATM-2,ATM-5,PUT,50
Gap Target Hit,2022-08-10 09:15:00,46.45,4.0,2122.5,2022-08-08 13:00:00,2022-08-08,2022-08-25,BULLISH_ENTRY,ATM-2,ATM-5,PUT,50
Gap Target Hit,2022-08-16 09:15:00,47.05,8.05,1950.0,2022-08-12 12:00:00,2022-08-12,2022-08-25,BULLISH_ENTRY,ATM-2,ATM-5,PUT,50
Intra-Bar Target Hit,2022-08-19 10:15:00,42.4,14.84,1378.0,2022-08-17 11:00:00,2022-08-17,2022-08-25,BULLISH_ENTRY,ATM-2,ATM-5,PUT,50
Intra-Bar Target Hit,2022-08-22 09:15:00,49.3,17.25,1602.25,2022-08-19 12:00:00,2022-08-19,2022-08-25,BEARISH_ENTRY,ATM+2,ATM+5,CALL,50
Intra-Bar Stop Loss,2022-08-23 09:15:00,32.6,60.31,-1385.5,2022-08-22 12:00:00,2022-08-22,2022-08-25,BEARISH_ENTRY,ATM+2,ATM+5,CALL,50
Gap Target Hit,2022-09-01 09:15:00,49.4,4.65,2237.5,2022-08-30 15:00:00,2022-08-30,2022-09-29,BULLISH_ENTRY,ATM-2,ATM-5,PUT,50
Intra-Bar Target Hit,2022-09-13 09:15:00,55.4,19.39,1800.5,2022-09-08 14:00:00,2022-09-08,2022-09-29,BULLISH_ENTRY,ATM-2,ATM-5,PUT,50
Intra-Bar Target Hit,2022-09-14 09:15:00,44.65,15.63,1451.13,2022-09-13 12:00:00,2022-09-13,2022-09-29,BULLISH_ENTRY,ATM-2,ATM-5,PUT,50
Intra-Bar Target Hit,2022-09-21 09:15:00,51.7,18.09,1680.25,2022-09-20 12:00:00,2022-09-20,2022-09-29,BULLISH_ENTRY,ATM-2,ATM-5,PUT,50
Intra-Bar Target Hit,2022-09-23 09:15:00,59.7,20.89,1940.25,2022-09-22 11:00:00,2022-09-22,2022-09-29,BEARISH_ENTRY,ATM+2,ATM+5,CALL,50
Intra-Bar Target Hit,2022-09-26 09:15:00,58.7,20.54,1907.75,2022-09-23 12:00:00,2022-09-23,2022-09-29,BEARISH_ENTRY,ATM+2,ATM+5,CALL,50
Intra-Bar Target Hit,2022-09-29 09:15:00,36.4,12.74,1183.0,2022-09-28 10:00:00,2022-09-28,2022-09-29,BEARISH_ENTRY,ATM+2,ATM+5,CALL,50
Intra-Bar Target Hit,2022-09-29 13:15:00,9.1,3.19,295.75,2022-09-29 13:00:00,2022-09-29,2022-09-29,BEARISH_ENTRY,ATM+2,ATM+5,CALL,50
Intra-Bar Target Hit,2022-10-04 09:15:00,55.45,19.41,1802.12,2022-09-30 13:00:00,2022-09-30,2022-10-27,BULLISH_ENTRY,ATM-2,ATM-5,PUT,50
Intra-Bar Target Hit,2022-10-06 09:15:00,52.05,18.22,1691.62,2022-10-04 15:00:00,2022-10-04,2022-10-27,BULLISH_ENTRY,ATM-2,ATM-5,PUT,50
Intra-Bar Target Hit,2022-10-21 09:15:00,45.65,15.98,1483.62,2022-10-20 14:00:00,2022-10-20,2022-10-27,BULLISH_ENTRY,ATM-2,ATM-5,PUT,50
Gap Target Hit,2022-10-27 09:15:00,20.25,-4.7,1247.5,2022-10-25 10:00:00,2022-10-25,2022-10-27,BULLISH_ENTRY,ATM-2,ATM-5,PUT,50
Intra-Bar Stop Loss,2022-10-27 10:15:00,4.65,8.6,-197.63,2022-10-27 10:00:00,2022-10-27,2022-10-27,BULLISH_ENTRY,ATM-2,ATM-5,PUT,50
Intra-Bar Target Hit,2022-10-31 09:15:00,53.05,18.57,1724.12,2022-10-28 10:00:00,2022-10-28,2022-11-24,BULLISH_ENTRY,ATM-2,ATM-5,PUT,50
Intra-Bar Target Hit,2022-11-07 09:15:00,48.85,17.1,1587.62,2022-10-31 11:00:00,2022-10-31,2022-11-24,BULLISH_ENTRY,ATM-2,ATM-5,PUT,50
Trend Reversal,2022-11-18 10:15:00,37.9,34.5,170.0,2022-11-11 11:00:00,2022-11-11,2022-11-24,BULLISH_ENTRY,ATM-2,ATM-5,PUT,50
Trend Reversal,2022-12-14 10:15:00,76.15,68.1,402.5,2022-12-05 10:00:00,2022-12-05,2022-12-29,BEARISH_ENTRY,ATM+2,ATM+5,CALL,50
Trend Reversal,2022-12-14 10:15:00,73.85,68.1,287.5,2022-12-06 11:00:00,2022-12-06,2022-12-29,BEARISH_ENTRY,ATM+2,ATM+5,CALL,50
Intra-Bar Target Hit,2022-12-16 09:15:00,64.6,22.61,2099.5,2022-12-15 15:00:00,2022-12-15,2022-12-29,BEARISH_ENTRY,ATM+2,ATM+5,CALL,50
Intra-Bar Target Hit,2022-12-23 09:15:00,60.7,21.25,1972.75,2022-12-22 11:00:00,2022-12-22,2022-12-29,BEARISH_ENTRY,ATM+2,ATM+5,CALL,50
Intra-Bar Target Hit,2022-12-27 14:15:00,25.35,8.87,823.88,2022-12-27 13:00:00,2022-12-27,2022-12-29,BULLISH_ENTRY,ATM-2,ATM-5,PUT,50
Intra-Bar Target Hit,2022-12-28 13:15:00,21.75,7.61,706.88,2022-12-28 13:00:00,2022-12-28,2022-12-29,BULLISH_ENTRY,ATM-2,ATM-5,PUT,50
Intra-Bar Stop Loss,2023-01-03 09:15:00,45.75,84.64,-1944.38,2022-12-30 10:00:00,2022-12-30,2023-01-25,BULLISH_ENTRY,ATM-2,ATM-5,PUT,50
Intra-Bar Stop Loss,2023-01-03 09:15:00,46.15,85.38,-1961.38,2023-01-02 15:00:00,2023-01-02,2023-01-25,BULLISH_ENTRY,ATM-2,ATM-5,PUT,50
Intra-Bar Target Hit,2023-01-04 09:15:00,47.35,16.57,1538.87,2023-01-03 10:00:00,2023-01-03,2023-01-25,BULLISH_ENTRY,ATM-2,ATM-5,PUT,50
Intra-Bar Stop Loss,2023-01-05 09:15:00,67.6,125.06,-2873.0,2023-01-04 12:00:00,2023-01-04,2023-01-25,BEARISH_ENTRY,ATM+2,ATM+5,CALL,50
Trend Reversal,2023-01-09 10:15:00,65.35,73.25,-395.0,2023-01-06 13:00:00,2023-01-06,2023-01-25,BEARISH_ENTRY,ATM+2,ATM+5,CALL,50
Intra-Bar Stop Loss,2023-01-10 09:15:00,37.95,70.21,-1612.88,2023-01-09 11:00:00,2023-01-09,2023-01-25,BULLISH_ENTRY,ATM-2,ATM-5,PUT,50
Trend Reversal,2023-01-17 11:15:00,54.15,59.45,-265.0,2023-01-16 13:00:00,2023-01-16,2023-01-25,BEARISH_ENTRY,ATM+2,ATM+5,CALL,50
Intra-Bar Stop Loss,2023-01-25 11:15:00,4.95,9.16,-210.38,2023-01-25 11:00:00,2023-01-25,2023-01-25,BEARISH_ENTRY,ATM+2,ATM+5,CALL,50
Intra-Bar Target Hit,2023-02-10 09:15:00,58.55,20.49,1902.88,2023-02-09 12:00:00,2023-02-09,2023-02-23,BEARISH_ENTRY,ATM+2,ATM+5,CALL,50
Intra-Bar Target Hit,2023-02-16 09:15:00,34.4,12.04,1118.0,2023-02-14 13:00:00,2023-02-14,2023-02-23,BULLISH_ENTRY,ATM-2,ATM-5,PUT,50
Intra-Bar Target Hit,2023-02-22 14:15:00,24.3,8.5,789.75,2023-02-22 11:00:00,2023-02-22,2023-02-23,BEARISH_ENTRY,ATM+2,ATM+5,CALL,50
Intra-Bar Target Hit,2023-02-23 15:15:00,0.1,0.03,3.25,2023-02-23 15:00:00,2023-02-23,2023-02-23,BEARISH_ENTRY,ATM+2,ATM+5,CALL,50
Intra-Bar Stop Loss,2023-03-08 09:15:00,39.5,73.08,-1678.75,2023-03-03 11:00:00,2023-03-03,2023-03-29,BULLISH_ENTRY,ATM-2,ATM-5,PUT,50
Intra-Bar Stop Loss,2023-03-10 09:15:00,61.4,113.59,-2609.5,2023-03-09 15:00:00,2023-03-09,2023-03-29,BEARISH_ENTRY,ATM+2,ATM+5,CALL,50
Trend Reversal,2023-03-22 11:15:00,62.05,54.9,357.5,2023-03-13 11:00:00,2023-03-13,2023-03-29,BEARISH_ENTRY,ATM+2,ATM+5,CALL,50
Trend Reversal,2023-03-22 11:15:00,71.85,54.9,847.5,2023-03-14 10:00:00,2023-03-14,2023-03-29,BEARISH_ENTRY,ATM+2,ATM+5,CALL,50
Trend Reversal,2023-03-22 11:15:00,63.4,54.9,425.0,2023-03-20 10:00:00,2023-03-20,2023-03-29,BEARISH_ENTRY,ATM+2,ATM+5,CALL,50
Intra-Bar Stop Loss,2023-03-24 09:15:00,32.35,59.85,-1374.87,2023-03-23 12:00:00,2023-03-23,2023-03-29,BULLISH_ENTRY,ATM-2,ATM-5,PUT,50
Intra-Bar Target Hit,2023-03-27 09:15:00,45.55,15.94,1480.38,2023-03-24 14:00:00,2023-03-24,2023-03-29,BEARISH_ENTRY,ATM+2,ATM+5,CALL,50
Intra-Bar Target Hit,2023-03-28 14:15:00,35.15,12.3,1142.38,2023-03-27 15:00:00,2023-03-27,2023-03-29,BEARISH_ENTRY,ATM+2,ATM+5,CALL,50
Intra-Bar Target Hit,2023-03-28 14:15:00,32.05,11.22,1041.62,2023-03-28 10:00:00,2023-03-28,2023-03-29,BEARISH_ENTRY,ATM+2,ATM+5,CALL,50
Intra-Bar Target Hit,2023-04-17 09:15:00,36.95,12.93,1200.87,2023-03-31 12:00:00,2023-03-31,2023-04-27,BULLISH_ENTRY,ATM-2,ATM-5,PUT,50
Intra-Bar Target Hit,2023-04-17 09:15:00,39.75,13.91,1291.88,2023-04-03 14:00:00,2023-04-03,2023-04-27,BULLISH_ENTRY,ATM-2,ATM-5,PUT,50
Intra-Bar Target Hit,2023-04-17 09:15:00,41.55,14.54,1350.38,2023-04-05 14:00:00,2023-04-05,2023-04-27,BULLISH_ENTRY,ATM-2,ATM-5,PUT,50
Intra-Bar Target Hit,2023-04-17 09:15:00,38.55,13.49,1252.87,2023-04-06 12:00:00,2023-04-06,2023-04-27,BULLISH_ENTRY,ATM-2,ATM-5,PUT,50
Trend Reversal,2023-05-08 10:15:00,66.4,61.15,262.5,2023-05-05 15:00:00,2023-05-05,2023-05-25,BEARISH_ENTRY,ATM+2,ATM+5,CALL,50
Intra-Bar Target Hit,2023-05-15 09:15:00,40.95,14.33,1330.88,2023-05-08 11:00:00,2023-05-08,2023-05-25,BULLISH_ENTRY,ATM-2,ATM-5,PUT,50
Intra-Bar Target Hit,2023-05-22 09:15:00,35.3,12.36,1147.25,2023-05-19 10:00:00,2023-05-19,2023-05-25,BEARISH_ENTRY,ATM+2,ATM+5,CALL,50
Intra-Bar Target Hit,2023-07-14 09:15:00,38.95,13.63,1265.88,2023-07-11 11:00:00,2023-07-11,2023-07-27,BULLISH_ENTRY,ATM-2,ATM-5,PUT,50
Intra-Bar Target Hit,2023-07-20 09:15:00,35.3,12.35,1147.25,2023-07-17 13:00:00,2023-07-17,2023-07-27,BULLISH_ENTRY,ATM-2,ATM-5,PUT,50
Intra-Bar Target Hit,2023-07-20 09:15:00,38.1,13.33,1238.25,2023-07-19 15:00:00,2023-07-19,2023-07-27,BULLISH_ENTRY,ATM-2,ATM-5,PUT,50
Intra-Bar Stop Loss,2023-07-20 13:15:00,29.15,53.93,-1238.88,2023-07-20 11:00:00,2023-07-20,2023-07-27,BULLISH_ENTRY,ATM-2,ATM-5,PUT,50
Intra-Bar Target Hit,2023-07-24 09:15:00,43.15,15.1,1402.38,2023-07-21 10:00:00,2023-07-21,2023-07-27,BEARISH_ENTRY,ATM+2,ATM+5,CALL,50
Intra-Bar Target Hit,2023-07-25 14:15:00,38.95,13.63,1265.87,2023-07-24 15:00:00,2023-07-24,2023-07-27,BEARISH_ENTRY,ATM+2,ATM+5,CALL,50
Intra-Bar Stop Loss,2023-07-27 13:15:00,6.1,11.29,-259.25,2023-07-27 13:00:00,2023-07-27,2023-07-27,BEARISH_ENTRY,ATM+2,ATM+5,CALL,50
Intra-Bar Target Hit,2023-08-03 09:15:00,70.25,24.59,2283.12,2023-08-02 12:00:00,2023-08-02,2023-08-31,BEARISH_ENTRY,ATM+2,ATM+5,CALL,50
Intra-Bar Target Hit,2023-08-11 09:15:00,41.55,14.54,1350.38,2023-08-07 10:00:00,2023-08-07,2023-08-31,BULLISH_ENTRY,ATM-2,ATM-5,PUT,50
Intra-Bar Stop Loss,2023-08-14 09:15:00,64.9,120.06,-2758.25,2023-08-11 11:00:00,2023-08-11,2023-08-31,BEARISH_ENTRY,ATM+2,ATM+5,CALL,50
Trend Reversal,2023-08-22 11:15:00,52.2,34.7,875.0,2023-08-17 11:00:00,2023-08-17,2023-08-31,BEARISH_ENTRY,ATM+2,ATM+5,CALL,50
Intra-Bar Target Hit,2023-09-20 09:15:00,39.55,13.84,1285.38,2023-09-12 11:00:00,2023-09-12,2023-09-28,BULLISH_ENTRY,ATM-2,ATM-5,PUT,50
Intra-Bar Stop Loss,2023-09-22 10:15:00,58.7,58.7,0.0,2023-09-20 11:00:00,2023-09-20,2023-09-28,BEARISH_ENTRY,ATM+2,ATM+5,CALL,50
Intra-Bar Target Hit,2023-09-25 09:15:00,43.35,15.17,1408.87,2023-09-21 12:00:00,2023-09-21,2023-09-28,BEARISH_ENTRY,ATM+2,ATM+5,CALL,50
Intra-Bar Target Hit,2023-09-28 12:15:00,5.35,1.87,173.88,2023-09-28 11:00:00,2023-09-28,2023-09-28,BEARISH_ENTRY,ATM+2,ATM+5,CALL,50
Intra-Bar Stop Loss,2023-10-03 09:15:00,41.0,75.85,-1742.5,2023-09-29 13:00:00,2023-09-29,2023-10-26,BULLISH_ENTRY,ATM-2,ATM-5,PUT,50
Trend Reversal,2023-10-05 10:15:00,65.75,65.65,5.0,2023-10-04 12:00:00,2023-10-04,2023-10-26,BEARISH_ENTRY,ATM+2,ATM+5,CALL,50
Intra-Bar Target Hit,2023-10-23 09:15:00,38.45,13.46,1249.63,2023-10-20 10:00:00,2023-10-20,2023-10-26,BEARISH_ENTRY,ATM+2,ATM+5,CALL,50
Intra-Bar Target Hit,2023-10-25 13:15:00,25.7,8.99,835.25,2023-10-25 11:00:00,2023-10-25,2023-10-26,BEARISH_ENTRY,ATM+2,ATM+5,CALL,50
Intra-Bar Stop Loss,2023-10-31 09:15:00,39.95,73.91,-1697.87,2023-10-27 13:00:00,2023-10-27,2023-11-30,BULLISH_ENTRY,ATM-2,ATM-5,PUT,50
Intra-Bar Stop Loss,2023-10-31 09:15:00,39.95,73.91,-1697.87,2023-10-30 11:00:00,2023-10-30,2023-11-30,BULLISH_ENTRY,ATM-2,ATM-5,PUT,50
Intra-Bar Stop Loss,2023-12-04 09:15:00,40.05,74.09,-1702.13,2023-12-01 11:00:00,2023-12-01,2023-12-28,BULLISH_ENTRY,ATM-2,ATM-5,PUT,50
Intra-Bar Stop Loss,2023-12-06 09:15:00,38.5,71.23,-1636.25,2023-12-04 11:00:00,2023-12-04,2023-12-28,BULLISH_ENTRY,ATM-2,ATM-5,PUT,50
Intra-Bar Target Hit,2023-12-06 09:15:00,42.95,15.03,1395.87,2023-12-05 15:00:00,2023-12-05,2023-12-28,BULLISH_ENTRY,ATM-2,ATM-5,PUT,50
Intra-Bar Target Hit,2023-12-13 09:15:00,46.1,16.13,1498.25,2023-12-06 14:00:00,2023-12-06,2023-12-28,BULLISH_ENTRY,ATM-2,ATM-5,PUT,50
Gap Stop Loss,2023-12-14 09:15:00,69.85,75.45,-280.0,2023-12-13 11:00:00,2023-12-13,2023-12-28,BEARISH_ENTRY,ATM+2,ATM+5,CALL,50
Intra-Bar Target Hit,2023-12-15 14:15:00,37.2,13.02,1209.0,2023-12-14 13:00:00,2023-12-14,2023-12-28,BULLISH_ENTRY,ATM-2,ATM-5,PUT,50
Intra-Bar Target Hit,2023-12-15 14:15:00,36.05,12.62,1171.63,2023-12-15 13:00:00,2023-12-15,2023-12-28,BULLISH_ENTRY,ATM-2,ATM-5,PUT,50
Intra-Bar Stop Loss,2023-12-20 13:15:00,34.75,64.29,-1476.88,2023-12-19 12:00:00,2023-12-19,2023-12-28,BULLISH_ENTRY,ATM-2,ATM-5,PUT,50
Intra-Bar Target Hit,2023-12-27 13:15:00,23.1,8.09,750.75,2023-12-27 11:00:00,2023-12-27,2023-12-28,BULLISH_ENTRY,ATM-2,ATM-5,PUT,50
Intra-Bar Target Hit,2023-12-28 10:15:00,12.5,4.38,406.25,2023-12-28 10:00:00,2023-12-28,2023-12-28,BULLISH_ENTRY,ATM-2,ATM-5,PUT,50
Intra-Bar Target Hit,2024-01-02 09:15:00,46.05,16.12,1496.63,2024-01-01 13:00:00,2024-01-01,2024-01-25,BULLISH_ENTRY,ATM-2,ATM-5,PUT,50
Intra-Bar Target Hit,2024-01-09 09:15:00,71.35,24.97,2318.87,2024-01-03 10:00:00,2024-01-03,2024-01-25,BEARISH_ENTRY,ATM+2,ATM+5,CALL,50
Intra-Bar Target Hit,2024-01-09 09:15:00,72.0,25.2,2340.0,2024-01-08 15:00:00,2024-01-08,2024-01-25,BEARISH_ENTRY,ATM+2,ATM+5,CALL,50
Intra-Bar Target Hit,2024-01-09 14:15:00,44.25,15.49,1438.13,2024-01-09 12:00:00,2024-01-09,2024-01-25,BULLISH_ENTRY,ATM-2,ATM-5,PUT,50
Trend Reversal,2024-01-12 10:15:00,69.8,67.3,125.0,2024-01-10 12:00:00,2024-01-10,2024-01-25,BEARISH_ENTRY,ATM+2,ATM+5,CALL,50
Gap Target Hit,2024-01-17 09:15:00,47.55,12.95,1730.0,2024-01-12 12:00:00,2024-01-12,2024-01-25,BULLISH_ENTRY,ATM-2,ATM-5,PUT,50
Gap Target Hit,2024-01-17 09:15:00,48.4,12.95,1772.5,2024-01-15 11:00:00,2024-01-15,2024-01-25,BULLISH_ENTRY,ATM-2,ATM-5,PUT,50
Gap Target Hit,2024-01-17 09:15:00,47.75,12.95,1740.0,2024-01-16 10:00:00,2024-01-16,2024-01-25,BULLISH_ENTRY,ATM-2,ATM-5,PUT,50
Intra-Bar Stop Loss,2024-01-18 09:15:00,55.0,101.75,-2337.5,2024-01-17 12:00:00,2024-01-17,2024-01-25,BEARISH_ENTRY,ATM+2,ATM+5,CALL,50
Intra-Bar Stop Loss,2024-01-30 09:15:00,43.8,81.03,-1861.5,2024-01-29 11:00:00,2024-01-29,2024-02-29,BULLISH_ENTRY,ATM-2,ATM-5,PUT,50
Intra-Bar Target Hit,2024-02-08 09:15:00,50.9,17.82,1654.25,2024-02-07 10:00:00,2024-02-07,2024-02-29,BULLISH_ENTRY,ATM-2,ATM-5,PUT,50
Intra-Bar Target Hit,2024-02-13 09:15:00,70.85,24.8,2302.62,2024-02-12 12:00:00,2024-02-12,2024-02-29,BEARISH_ENTRY,ATM+2,ATM+5,CALL,50
Trend Reversal,2024-02-21 14:15:00,47.0,47.75,-37.5,2024-02-16 12:00:00,2024-02-16,2024-02-29,BULLISH_ENTRY,ATM-2,ATM-5,PUT,50
Trend Reversal,2024-02-21 14:15:00,45.3,47.75,-122.5,2024-02-19 12:00:00,2024-02-19,2024-02-29,BULLISH_ENTRY,ATM-2,ATM-5,PUT,50
Gap Stop Loss,2024-02-29 09:15:00,30.7,33.1,-120.0,2024-02-28 12:00:00,2024-02-28,2024-02-29,BEARISH_ENTRY,ATM+2,ATM+5,CALL,50
Intra-Bar Stop Loss,2024-03-02 11:15:00,53.15,98.33,-2258.88,2024-03-01 13:00:00,2024-03-01,2024-03-28,BULLISH_ENTRY,ATM-2,ATM-5,PUT,50
Intra-Bar Target Hit,2024-03-11 09:15:00,47.7,16.69,1550.25,2024-03-06 15:00:00,2024-03-06,2024-03-28,BULLISH_ENTRY,ATM-2,ATM-5,PUT,50
Intra-Bar Stop Loss,2024-03-18 09:15:00,69.05,127.74,-2934.63,2024-03-15 11:00:00,2024-03-15,2024-03-28,BEARISH_ENTRY,ATM+2,ATM+5,CALL,50
Intra-Bar Target Hit,2024-03-20 09:15:00,65.55,22.94,2130.37,2024-03-19 11:00:00,2024-03-19,2024-03-28,BEARISH_ENTRY,ATM+2,ATM+5,CALL,50
Intra-Bar Stop Loss,2024-03-26 09:15:00,25.85,47.82,-1098.63,2024-03-22 14:00:00,2024-03-22,2024-03-28,BULLISH_ENTRY,ATM-2,ATM-5,PUT,50
Intra-Bar Target Hit,2024-03-27 14:15:00,18.45,6.46,599.62,2024-03-27 11:00:00,2024-03-27,2024-03-28,BULLISH_ENTRY,ATM-2,ATM-5,PUT,50
Intra-Bar Stop Loss,2024-04-04 10:15:00,43.75,80.94,-1859.38,2024-04-02 15:00:00,2024-04-02,2024-04-25,BULLISH_ENTRY,ATM-2,ATM-5,PUT,50
Intra-Bar Stop Loss,2024-04-08 11:15:00,27.85,51.52,-1183.62,2024-04-08 11:00:00,2024-04-08,2024-04-25,BULLISH_ENTRY,ATM-2,ATM-5,PUT,50
Trend Reversal,2024-04-12 12:15:00,38.95,37.8,57.5,2024-04-10 13:00:00,2024-04-10,2024-04-25,BULLISH_ENTRY,ATM-2,ATM-5,PUT,50
Intra-Bar Stop Loss,2024-04-16 09:15:00,64.2,118.77,-2728.5,2024-04-15 14:00:00,2024-04-15,2024-04-25,BEARISH_ENTRY,ATM+2,ATM+5,CALL,50
Intra-Bar Target Hit,2024-04-22 15:15:00,42.2,14.77,1371.5,2024-04-22 11:00:00,2024-04-22,2024-04-25,BULLISH_ENTRY,ATM-2,ATM-5,PUT,50
Intra-Bar Target Hit,2024-04-24 14:15:00,31.15,10.9,1012.38,2024-04-23 10:00:00,2024-04-23,2024-04-25,BULLISH_ENTRY,ATM-2,ATM-5,PUT,50
Intra-Bar Target Hit,2024-04-30 09:15:00,68.85,24.1,2237.62,2024-04-29 11:00:00,2024-04-29,2024-05-30,BULLISH_ENTRY,ATM-2,ATM-5,PUT,50
Intra-Bar Target Hit,2024-05-03 14:15:00,78.15,27.35,2539.87,2024-05-03 13:00:00,2024-05-03,2024-05-30,BEARISH_ENTRY,ATM+2,ATM+5,CALL,50
Intra-Bar Target Hit,2024-05-08 09:15:00,76.4,26.74,2483.0,2024-05-07 11:00:00,2024-05-07,2024-05-30,BEARISH_ENTRY,ATM+2,ATM+5,CALL,50
Intra-Bar Target Hit,2024-05-09 09:15:00,78.05,27.32,2536.62,2024-05-08 10:00:00,2024-05-08,2024-05-30,BEARISH_ENTRY,ATM+2,ATM+5,CALL,50
Intra-Bar Target Hit,2024-05-13 13:15:00,76.0,26.6,2470.0,2024-05-09 14:00:00,2024-05-09,2024-05-30,BEARISH_ENTRY,ATM+2,ATM+5,CALL,50
Intra-Bar Stop Loss,2024-05-15 09:15:00,47.4,87.69,-2014.5,2024-05-14 11:00:00,2024-05-14,2024-05-30,BULLISH_ENTRY,ATM-2,ATM-5,PUT,50
Intra-Bar Target Hit,2024-05-18 09:15:00,45.35,15.87,1473.88,2024-05-16 15:00:00,2024-05-16,2024-05-30,BULLISH_ENTRY,ATM-2,ATM-5,PUT,50
Intra-Bar Target Hit,2024-05-17 13:15:00,46.1,16.14,1498.25,2024-05-17 10:00:00,2024-05-17,2024-05-30,BULLISH_ENTRY,ATM-2,ATM-5,PUT,50
Intra-Bar Target Hit,2024-05-24 09:15:00,42.55,14.89,1382.88,2024-05-18 12:00:00,2024-05-18,2024-05-30,BULLISH_ENTRY,ATM-2,ATM-5,PUT,50
Intra-Bar Target Hit,2024-05-24 09:15:00,39.4,13.79,1280.5,2024-05-22 15:00:00,2024-05-22,2024-05-30,BULLISH_ENTRY,ATM-2,ATM-5,PUT,50
Intra-Bar Stop Loss,2024-05-24 09:15:00,37.75,69.84,-1604.38,2024-05-23 13:00:00,2024-05-23,2024-05-30,BULLISH_ENTRY,ATM-2,ATM-5,PUT,50
Intra-Bar Target Hit,2024-05-24 14:15:00,38.55,13.49,1252.88,2024-05-24 12:00:00,2024-05-24,2024-05-30,BULLISH_ENTRY,ATM-2,ATM-5,PUT,50
Intra-Bar Target Hit,2024-05-29 09:15:00,47.6,16.66,1547.0,2024-05-28 15:00:00,2024-05-28,2024-05-30,BEARISH_ENTRY,ATM+2,ATM+5,CALL,50
Intra-Bar Target Hit,2024-05-30 13:15:00,9.9,3.46,321.75,2024-05-30 13:00:00,2024-05-30,2024-05-30,BEARISH_ENTRY,ATM+2,ATM+5,CALL,50
Intra-Bar Stop Loss,2024-06-03 11:15:00,48.15,89.08,-2046.37,2024-06-03 11:00:00,2024-06-03,2024-06-27,BULLISH_ENTRY,ATM-2,ATM-5,PUT,50
Intra-Bar Stop Loss,2024-06-10 09:15:00,55.3,102.31,-2350.25,2024-06-07 14:00:00,2024-06-07,2024-06-27,BULLISH_ENTRY,ATM-2,ATM-5,PUT,50
Intra-Bar Target Hit,2024-06-10 10:15:00,54.95,19.23,1785.87,2024-06-10 10:00:00,2024-06-10,2024-06-27,BULLISH_ENTRY,ATM-2,ATM-5,PUT,50
Gap Stop Loss,2024-06-13 09:15:00,49.95,95.0,-2252.5,2024-06-12 10:00:00,2024-06-12,2024-06-27,BULLISH_ENTRY,ATM-2,ATM-5,PUT,50
Intra-Bar Target Hit,2024-06-19 14:15:00,48.05,16.82,1561.62,2024-06-14 10:00:00,2024-06-14,2024-06-27,BULLISH_ENTRY,ATM-2,ATM-5,PUT,50
Intra-Bar Target Hit,2024-06-25 15:15:00,37.0,12.95,1202.5,2024-06-25 13:00:00,2024-06-25,2024-06-27,BULLISH_ENTRY,ATM-2,ATM-5,PUT,50
Intra-Bar Target Hit,2024-06-26 10:15:00,33.6,11.76,1092.0,2024-06-26 10:00:00,2024-06-26,2024-06-27,BULLISH_ENTRY,ATM-2,ATM-5,PUT,50
Intra-Bar Target Hit,2024-07-03 09:15:00,47.35,16.57,1538.87,2024-07-01 13:00:00,2024-07-01,2024-07-25,BULLISH_ENTRY,ATM-2,ATM-5,PUT,50
Intra-Bar Stop Loss,2024-07-10 10:15:00,48.0,88.8,-2040.0,2024-07-08 15:00:00,2024-07-08,2024-07-25,BULLISH_ENTRY,ATM-2,ATM-5,PUT,50
Intra-Bar Stop Loss,2024-07-10 10:15:00,49.8,92.13,-2116.5,2024-07-09 11:00:00,2024-07-09,2024-07-25,BULLISH_ENTRY,ATM-2,ATM-5,PUT,50
Intra-Bar Target Hit,2024-07-19 09:15:00,55.45,19.41,1802.12,2024-07-15 13:00:00,2024-07-15,2024-07-25,BULLISH_ENTRY,ATM-2,ATM-5,PUT,50
Intra-Bar Target Hit,2024-07-19 09:15:00,54.65,19.13,1776.13,2024-07-16 10:00:00,2024-07-16,2024-07-25,BULLISH_ENTRY,ATM-2,ATM-5,PUT,50
Intra-Bar Target Hit,2024-07-30 09:15:00,70.55,24.69,2292.88,2024-07-26 14:00:00,2024-07-26,2024-08-29,BULLISH_ENTRY,ATM-2,ATM-5,PUT,50
Intra-Bar Stop Loss,2024-08-02 09:15:00,49.1,90.84,-2086.75,2024-07-31 15:00:00,2024-07-31,2024-08-29,BULLISH_ENTRY,ATM-2,ATM-5,PUT,50
Intra-Bar Stop Loss,2024-08-05 09:15:00,74.1,137.09,-3149.25,2024-08-02 15:00:00,2024-08-02,2024-08-29,BEARISH_ENTRY,ATM+2,ATM+5,CALL,50
Intra-Bar Target Hit,2024-08-06 14:15:00,76.7,26.84,2492.75,2024-08-06 14:00:00,2024-08-06,2024-08-29,BEARISH_ENTRY,ATM+2,ATM+5,CALL,50
Intra-Bar Target Hit,2024-08-08 10:15:00,72.25,25.29,2348.13,2024-08-08 10:00:00,2024-08-08,2024-08-29,BEARISH_ENTRY,ATM+2,ATM+5,CALL,50
Intra-Bar Target Hit,2024-08-12 14:15:00,48.2,16.87,1566.5,2024-08-12 11:00:00,2024-08-12,2024-08-29,BULLISH_ENTRY,ATM-2,ATM-5,PUT,50
Intra-Bar Stop Loss,2024-08-20 09:15:00,42.95,79.46,-1825.37,2024-08-16 14:00:00,2024-08-16,2024-08-29,BULLISH_ENTRY,ATM-2,ATM-5,PUT,50
Intra-Bar Target Hit,2024-08-30 14:15:00,47.35,16.57,1538.87,2024-08-30 11:00:00,2024-08-30,2024-09-26,BULLISH_ENTRY,ATM-2,ATM-5,PUT,50
Intra-Bar Target Hit,2024-09-09 09:15:00,72.85,25.5,2367.62,2024-09-06 14:00:00,2024-09-06,2024-09-26,BEARISH_ENTRY,ATM+2,ATM+5,CALL,50
Intra-Bar Stop Loss,2024-09-20 13:15:00,41.25,76.31,-1753.12,2024-09-20 11:00:00,2024-09-20,2024-09-26,BULLISH_ENTRY,ATM-2,ATM-5,PUT,50
Intra-Bar Target Hit,2024-09-24 09:15:00,39.65,13.88,1288.63,2024-09-23 10:00:00,2024-09-23,2024-09-26,BULLISH_ENTRY,ATM-2,ATM-5,PUT,50
Intra-Bar Target Hit,2024-09-24 14:15:00,33.2,11.62,1079.0,2024-09-24 10:00:00,2024-09-24,2024-09-26,BULLISH_ENTRY,ATM-2,ATM-5,PUT,50
Intra-Bar Stop Loss,2024-09-26 12:15:00,16.95,31.36,-720.38,2024-09-26 12:00:00,2024-09-26,2024-09-26,BULLISH_ENTRY,ATM-2,ATM-5,PUT,50
Intra-Bar Target Hit,2024-10-01 09:15:00,63.6,22.26,2067.0,2024-09-27 10:00:00,2024-09-27,2024-10-31,BULLISH_ENTRY,ATM-2,ATM-5,PUT,50
Intra-Bar Target Hit,2024-10-01 09:15:00,82.1,28.74,2668.25,2024-09-30 13:00:00,2024-09-30,2024-10-31,BEARISH_ENTRY,ATM+2,ATM+5,CALL,50
Intra-Bar Stop Loss,2024-10-04 09:15:00,78.6,145.41,-3340.5,2024-10-01 10:00:00,2024-10-01,2024-10-31,BEARISH_ENTRY,ATM+2,ATM+5,CALL,50
Intra-Bar Target Hit,2024-10-04 09:15:00,117.25,41.04,3810.63,2024-10-03 12:00:00,2024-10-03,2024-10-31,BEARISH_ENTRY,ATM+2,ATM+5,CALL,50
Intra-Bar Target Hit,2024-10-07 09:15:00,82.8,28.98,2691.0,2024-10-04 14:00:00,2024-10-04,2024-10-31,BEARISH_ENTRY,ATM+2,ATM+5,CALL,50
Intra-Bar Stop Loss,2024-10-07 14:15:00,82.25,152.16,-3495.62,2024-10-07 13:00:00,2024-10-07,2024-10-31,BEARISH_ENTRY,ATM+2,ATM+5,CALL,50
Intra-Bar Stop Loss,2024-10-15 09:15:00,38.1,70.49,-1619.25,2024-10-14 11:00:00,2024-10-14,2024-10-31,BULLISH_ENTRY,ATM-2,ATM-5,PUT,50
Intra-Bar Target Hit,2024-10-18 09:15:00,67.65,23.68,2198.62,2024-10-17 11:00:00,2024-10-17,2024-10-31,BEARISH_ENTRY,ATM+2,ATM+5,CALL,50
Intra-Bar Target Hit,2024-10-23 09:15:00,85.3,29.86,2772.25,2024-10-21 12:00:00,2024-10-21,2024-10-31,BEARISH_ENTRY,ATM+2,ATM+5,CALL,50
Intra-Bar Target Hit,2024-10-23 09:15:00,85.3,29.86,2772.25,2024-10-22 12:00:00,2024-10-22,2024-10-31,BEARISH_ENTRY,ATM+2,ATM+5,CALL,50
Intra-Bar Target Hit,2024-10-25 09:15:00,60.8,21.28,1976.0,2024-10-24 10:00:00,2024-10-24,2024-10-31,BEARISH_ENTRY,ATM+2,ATM+5,CALL,50
Intra-Bar Target Hit,2024-11-06 11:15:00,46.2,16.17,1501.5,2024-11-06 11:00:00,2024-11-06,2024-11-28,BULLISH_ENTRY,ATM-2,ATM-5,PUT,50
Intra-Bar Stop Loss,2024-11-11 09:15:00,76.25,141.06,-3240.62,2024-11-08 10:00:00,2024-11-08,2024-11-28,BEARISH_ENTRY,ATM+2,ATM+5,CALL,50
Intra-Bar Stop Loss,2024-11-14 09:15:00,66.7,123.39,-2834.75,2024-11-13 12:00:00,2024-11-13,2024-11-28,BEARISH_ENTRY,ATM+2,ATM+5,CALL,50
Intra-Bar Stop Loss,2024-11-19 14:15:00,42.75,79.09,-1816.88,2024-11-19 11:00:00,2024-11-19,2024-11-28,BULLISH_ENTRY,ATM-2,ATM-5,PUT,50
Intra-Bar Stop Loss,2024-11-28 12:15:00,25.4,46.99,-1619.25,2024-11-28 12:00:00,2024-11-28,2024-11-28,BEARISH_ENTRY,ATM+2,ATM+5,CALL,75
Intra-Bar Stop Loss,2024-12-05 09:15:00,37.5,69.38,-2390.62,2024-12-03 11:00:00,2024-12-03,2024-12-26,BULLISH_ENTRY,ATM-2,ATM-5,PUT,75
Intra-Bar Target Hit,2024-12-05 13:15:00,49.3,17.25,2403.37,2024-12-05 13:00:00,2024-12-05,2024-12-26,BULLISH_ENTRY,ATM-2,ATM-5,PUT,75
Intra-Bar Stop Loss,2024-12-16 09:15:00,40.75,75.39,-2597.81,2024-12-13 15:00:00,2024-12-13,2024-12-26,BULLISH_ENTRY,ATM-2,ATM-5,PUT,75
Intra-Bar Stop Loss,2024-12-19 09:15:00,60.5,111.93,-3856.88,2024-12-18 12:00:00,2024-12-18,2024-12-26,BEARISH_ENTRY,ATM+2,ATM+5,CALL,75
Gap Target Hit,2024-12-23 09:15:00,50.7,11.05,2973.75,2024-12-20 13:00:00,2024-12-20,2024-12-26,BEARISH_ENTRY,ATM+2,ATM+5,CALL,75
Intra-Bar Target Hit,2025-01-01 09:15:00,75.15,26.3,3663.56,2024-12-31 10:00:00,2024-12-31,2025-01-30,BEARISH_ENTRY,ATM+2,ATM+5,CALL,75
Intra-Bar Target Hit,2025-01-10 09:15:00,74.6,26.11,3636.75,2025-01-09 14:00:00,2025-01-09,2025-01-30,BEARISH_ENTRY,ATM+2,ATM+5,CALL,75
Gap Target Hit,2025-01-16 09:15:00,71.05,19.55,3862.5,2025-01-13 12:00:00,2025-01-13,2025-01-30,BEARISH_ENTRY,ATM+2,ATM+5,CALL,75
Gap Target Hit,2025-01-28 09:15:00,46.55,-2.05,3645.0,2025-01-27 14:00:00,2025-01-27,2025-01-30,BEARISH_ENTRY,ATM+2,ATM+5,CALL,75
Intra-Bar Target Hit,2025-01-31 11:15:00,53.8,18.83,2622.75,2025-01-31 11:00:00,2025-01-31,2025-02-27,BULLISH_ENTRY,ATM-2,ATM-5,PUT,75
Intra-Bar Target Hit,2025-02-04 09:15:00,75.65,26.48,3687.94,2025-02-03 10:00:00,2025-02-03,2025-02-27,BEARISH_ENTRY,ATM+2,ATM+5,CALL,75
Gap Stop Loss,2025-02-05 09:15:00,47.85,91.0,-3236.25,2025-02-04 14:00:00,2025-02-04,2025-02-27,BULLISH_ENTRY,ATM-2,ATM-5,PUT,75
Intra-Bar Target Hit,2025-02-12 14:15:00,70.15,24.55,3419.81,2025-02-10 12:00:00,2025-02-10,2025-02-27,BEARISH_ENTRY,ATM+2,ATM+5,CALL,75
Intra-Bar Target Hit,2025-02-12 14:15:00,67.6,23.66,3295.5,2025-02-11 11:00:00,2025-02-11,2025-02-27,BEARISH_ENTRY,ATM+2,ATM+5,CALL,75
Intra-Bar Target Hit,2025-02-13 13:15:00,49.7,17.39,2422.87,2025-02-13 11:00:00,2025-02-13,2025-02-27,BULLISH_ENTRY,ATM-2,ATM-5,PUT,75
Intra-Bar Target Hit,2025-02-17 09:15:00,67.6,23.66,3295.5,2025-02-14 13:00:00,2025-02-14,2025-02-27,BEARISH_ENTRY,ATM+2,ATM+5,CALL,75
Intra-Bar Target Hit,2025-02-25 09:15:00,41.55,14.54,2025.56,2025-02-24 13:00:00,2025-02-24,2025-02-27,BEARISH_ENTRY,ATM+2,ATM+5,CALL,75
Gap Target Hit,2025-02-27 09:15:00,20.5,4.2,1222.5,2025-02-25 15:00:00,2025-02-25,2025-02-27,BEARISH_ENTRY,ATM+2,ATM+5,CALL,75
Intra-Bar Target Hit,2025-03-07 09:15:00,45.5,15.92,2218.12,2025-03-06 13:00:00,2025-03-06,2025-03-27,BULLISH_ENTRY,ATM-2,ATM-5,PUT,75
Intra-Bar Stop Loss,2025-03-10 09:15:00,45.4,83.99,-2894.25,2025-03-07 10:00:00,2025-03-07,2025-03-27,BULLISH_ENTRY,ATM-2,ATM-5,PUT,75
Trend Reversal,2025-03-12 11:15:00,44.95,49.95,-375.0,2025-03-10 10:00:00,2025-03-10,2025-03-27,BULLISH_ENTRY,ATM-2,ATM-5,PUT,75
Trend Reversal,2025-03-12 11:15:00,47.8,49.95,-161.25,2025-03-11 14:00:00,2025-03-11,2025-03-27,BULLISH_ENTRY,ATM-2,ATM-5,PUT,75
Trend Reversal,2025-03-18 10:15:00,68.55,68.7,-11.25,2025-03-13 14:00:00,2025-03-13,2025-03-27,BEARISH_ENTRY,ATM+2,ATM+5,CALL,75
Intra-Bar Stop Loss,2025-03-25 09:15:00,39.4,72.89,-2511.75,2025-03-18 13:00:00,2025-03-18,2025-03-27,BULLISH_ENTRY,ATM-2,ATM-5,PUT,75
Intra-Bar Target Hit,2025-03-24 10:15:00,40.5,14.17,1974.38,2025-03-19 12:00:00,2025-03-19,2025-03-27,BULLISH_ENTRY,ATM-2,ATM-5,PUT,75
Intra-Bar Stop Loss,2025-03-24 10:15:00,37.15,68.73,-2368.31,2025-03-20 11:00:00,2025-03-20,2025-03-27,BULLISH_ENTRY,ATM-2,ATM-5,PUT,75
Intra-Bar Target Hit,2025-03-25 09:15:00,41.0,14.35,1998.75,2025-03-24 13:00:00,2025-03-24,2025-03-27,BULLISH_ENTRY,ATM-2,ATM-5,PUT,75
Intra-Bar Target Hit,2025-03-26 14:15:00,40.5,14.17,1974.38,2025-03-26 14:00:00,2025-03-26,2025-03-27,BEARISH_ENTRY,ATM+2,ATM+5,CALL,75
Intra-Bar Stop Loss,2025-04-01 09:15:00,81.65,151.05,-5205.19,2025-03-28 13:00:00,2025-03-28,2025-04-24,BEARISH_ENTRY,ATM+2,ATM+5,CALL,75
Intra-Bar Stop Loss,2025-04-01 14:15:00,57.05,105.54,-3636.94,2025-04-01 13:00:00,2025-04-01,2025-04-24,BEARISH_ENTRY,ATM+2,ATM+5,CALL,75
Intra-Bar Stop Loss,2025-04-07 09:15:00,77.4,143.19,-4934.25,2025-04-04 13:00:00,2025-04-04,2025-04-24,BEARISH_ENTRY,ATM+2,ATM+5,CALL,75
Intra-Bar Stop Loss,2025-04-07 13:15:00,74.7,138.19,-4762.12,2025-04-07 12:00:00,2025-04-07,2025-04-24,BEARISH_ENTRY,ATM+2,ATM+5,CALL,75
Intra-Bar Target Hit,2025-04-11 12:15:00,64.55,22.59,3146.81,2025-04-11 11:00:00,2025-04-11,2025-04-24,BULLISH_ENTRY,ATM-2,ATM-5,PUT,75
Intra-Bar Target Hit,2025-04-17 09:15:00,49.5,17.32,2413.12,2025-04-15 12:00:00,2025-04-15,2025-04-24,BULLISH_ENTRY,ATM-2,ATM-5,PUT,75
Intra-Bar Target Hit,2025-04-17 09:15:00,49.65,17.38,2420.44,2025-04-16 13:00:00,2025-04-16,2025-04-24,BULLISH_ENTRY,ATM-2,ATM-5,PUT,75
Intra-Bar Stop Loss,2025-04-21 09:15:00,47.7,88.24,-3040.87,2025-04-17 14:00:00,2025-04-17,2025-04-24,BULLISH_ENTRY,ATM-2,ATM-5,PUT,75
Intra-Bar Target Hit,2025-04-21 15:15:00,45.95,16.08,2240.06,2025-04-21 11:00:00,2025-04-21,2025-04-24,BULLISH_ENTRY,ATM-2,ATM-5,PUT,75
Intra-Bar Target Hit,2025-05-05 10:15:00,63.8,22.33,3110.25,2025-05-05 10:00:00,2025-05-05,2025-05-29,BULLISH_ENTRY,ATM-2,ATM-5,PUT,75
Intra-Bar Target Hit,2025-05-12 14:15:00,47.25,16.54,2303.44,2025-05-12 13:00:00,2025-05-12,2025-05-29,BULLISH_ENTRY,ATM-2,ATM-5,PUT,75
Intra-Bar Target Hit,2025-05-22 14:15:00,63.35,22.17,3088.31,2025-05-22 12:00:00,2025-05-22,2025-05-29,BEARISH_ENTRY,ATM+2,ATM+5,CALL,75
Intra-Bar Target Hit,2025-05-29 11:15:00,13.35,4.67,650.81,2025-05-29 11:00:00,2025-05-29,2025-05-29,BEARISH_ENTRY,ATM+2,ATM+5,CALL,75
Intra-Bar Target Hit,2025-06-13 09:15:00,70.55,24.69,3439.31,2025-06-12 11:00:00,2025-06-12,2025-06-26,BEARISH_ENTRY,ATM+2,ATM+5,CALL,75
Intra-Bar Target Hit,2025-06-23 09:15:00,37.2,13.02,1813.5,2025-06-20 15:00:00,2025-06-20,2025-06-26,BULLISH_ENTRY,ATM-2,ATM-5,PUT,75
Intra-Bar Stop Loss,2025-06-24 12:15:00,31.95,59.11,-2036.81,2025-06-24 11:00:00,2025-06-24,2025-06-26,BULLISH_ENTRY,ATM-2,ATM-5,PUT,75
Intra-Bar Target Hit,2025-06-25 14:15:00,20.6,7.21,1004.25,2025-06-25 13:00:00,2025-06-25,2025-06-26,BULLISH_ENTRY,ATM-2,ATM-5,PUT,75
Intra-Bar Target Hit,2025-07-01 09:15:00,59.75,20.91,2912.81,2025-06-27 12:00:00,2025-06-27,2025-07-31,BULLISH_ENTRY,ATM-2,ATM-5,PUT,75
Intra-Bar Target Hit,2025-07-14 09:15:00,68.2,23.87,3324.75,2025-07-10 11:00:00,2025-07-10,2025-07-31,BEARISH_ENTRY,ATM+2,ATM+5,CALL,75
Intra-Bar Target Hit,2025-07-14 09:15:00,64.7,22.65,3154.13,2025-07-11 11:00:00,2025-07-11,2025-07-31,BEARISH_ENTRY,ATM+2,ATM+5,CALL,75
Trend Reversal,2025-07-18 10:15:00,42.95,42.45,37.5,2025-07-15 11:00:00,2025-07-15,2025-07-31,BULLISH_ENTRY,ATM-2,ATM-5,PUT,75
Intra-Bar Target Hit,2025-07-24 11:15:00,36.25,12.69,1767.19,2025-07-23 10:00:00,2025-07-23,2025-07-31,BULLISH_ENTRY,ATM-2,ATM-5,PUT,75
Intra-Bar Target Hit,2025-07-29 11:15:00,38.25,13.39,1864.69,2025-07-29 10:00:00,2025-07-29,2025-07-31,BEARISH_ENTRY,ATM+2,ATM+5,CALL,75
Intra-Bar Stop Loss,2025-07-31 13:15:00,7.75,14.34,-494.06,2025-07-31 13:00:00,2025-07-31,2025-07-31,BULLISH_ENTRY,ATM-2,ATM-5,PUT,75
Intra-Bar Target Hit,2025-08-04 09:15:00,71.15,24.9,3468.56,2025-08-01 11:00:00,2025-08-01,2025-08-28,BEARISH_ENTRY,ATM+2,ATM+5,CALL,75
Trend Reversal,2025-08-07 15:15:00,70.0,66.05,296.25,2025-08-05 10:00:00,2025-08-05,2025-08-28,BEARISH_ENTRY,ATM+2,ATM+5,CALL,75
Intra-Bar Target Hit,2025-08-12 10:15:00,46.25,16.19,2254.69,2025-08-11 12:00:00,2025-08-11,2025-08-28,BULLISH_ENTRY,ATM-2,ATM-5,PUT,75
Gap Target Hit,2025-08-18 09:15:00,43.75,-24.95,5152.5,2025-08-13 12:00:00,2025-08-13,2025-08-28,BULLISH_ENTRY,ATM-2,ATM-5,PUT,75
Trend Reversal,2025-08-22 10:15:00,35.45,31.95,262.5,2025-08-20 11:00:00,2025-08-20,2025-08-28,BULLISH_ENTRY,ATM-2,ATM-5,PUT,75
Intra-Bar Target Hit,2025-08-25 09:15:00,44.15,15.45,2152.31,2025-08-22 14:00:00,2025-08-22,2025-08-28,BEARISH_ENTRY,ATM+2,ATM+5,CALL,75
Intra-Bar Target Hit,2025-08-26 14:15:00,24.75,8.66,1206.56,2025-08-26 14:00:00,2025-08-26,2025-08-28,BEARISH_ENTRY,ATM+2,ATM+5,CALL,75
Intra-Bar Target Hit,2025-08-28 13:15:00,5.05,1.77,246.19,2025-08-28 13:00:00,2025-08-28,2025-08-28,BEARISH_ENTRY,ATM+2,ATM+5,CALL,75
Trend Reversal,2025-09-02 10:15:00,96.0,70.6,1905.0,2025-08-29 15:00:00,2025-08-29,2025-09-30,BEARISH_ENTRY,ATM+2,ATM+5,CALL,75
Intra-Bar Target Hit,2025-09-04 09:15:00,45.55,15.94,2220.56,2025-09-03 13:00:00,2025-09-03,2025-09-30,BULLISH_ENTRY,ATM-2,ATM-5,PUT,75
Intra-Bar Target Hit,2025-09-17 09:15:00,42.4,14.84,2067.0,2025-09-11 12:00:00,2025-09-11,2025-09-30,BULLISH_ENTRY,ATM-2,ATM-5,PUT,75
Intra-Bar Target Hit,2025-09-24 09:15:00,59.2,20.72,2886.0,2025-09-22 13:00:00,2025-09-22,2025-09-30,BEARISH_ENTRY,ATM+2,ATM+5,CALL,75
Intra-Bar Target Hit,2025-09-25 09:15:00,46.65,16.33,2274.19,2025-09-24 10:00:00,2025-09-24,2025-09-30,BEARISH_ENTRY,ATM+2,ATM+5,CALL,75
Intra-Bar Stop Loss,2025-09-25 14:15:00,36.2,66.97,-2307.75,2025-09-25 10:00:00,2025-09-25,2025-09-30,BEARISH_ENTRY,ATM+2,ATM+5,CALL,75
Intra-Bar Target Hit,2025-09-29 09:15:00,40.5,14.17,1974.38,2025-09-26 14:00:00,2025-09-26,2025-09-30,BEARISH_ENTRY,ATM+2,ATM+5,CALL,75
Intra-Bar Target Hit,2025-10-08 12:15:00,45.15,15.8,2201.06,2025-10-01 14:00:00,2025-10-01,2025-10-28,BULLISH_ENTRY,ATM-2,ATM-5,PUT,75
Intra-Bar Target Hit,2025-10-13 09:15:00,42.2,14.77,2057.25,2025-10-03 15:00:00,2025-10-03,2025-10-28,BULLISH_ENTRY,ATM-2,ATM-5,PUT,75
Intra-Bar Target Hit,2025-10-13 09:15:00,40.8,14.28,1989.0,2025-10-06 11:00:00,2025-10-06,2025-10-28,BULLISH_ENTRY,ATM-2,ATM-5,PUT,75
Intra-Bar Stop Loss,2025-10-13 09:15:00,36.45,67.43,-2323.69,2025-10-09 11:00:00,2025-10-09,2025-10-28,BULLISH_ENTRY,ATM-2,ATM-5,PUT,75
Intra-Bar Stop Loss,2025-10-17 12:15:00,34.35,63.55,-2189.81,2025-10-15 12:00:00,2025-10-15,2025-10-28,BULLISH_ENTRY,ATM-2,ATM-5,PUT,75
Intra-Bar Stop Loss,2025-10-17 09:15:00,29.6,54.76,-1887.0,2025-10-16 13:00:00,2025-10-16,2025-10-28,BULLISH_ENTRY,ATM-2,ATM-5,PUT,75
Intra-Bar Stop Loss,2025-10-20 09:15:00,39.0,72.15,-2486.25,2025-10-17 11:00:00,2025-10-17,2025-10-28,BULLISH_ENTRY,ATM-2,ATM-5,PUT,75
Intra-Bar Target Hit,2025-10-28 11:15:00,18.8,6.58,916.5,2025-10-28 11:00:00,2025-10-28,2025-10-28,BEARISH_ENTRY,ATM+2,ATM+5,CALL,75
Intra-Bar Stop Loss,2025-10-30 09:15:00,43.35,80.2,-2763.56,2025-10-29 12:00:00,2025-10-29,2025-11-25,BULLISH_ENTRY,ATM-2,ATM-5,PUT,75
Intra-Bar Stop Loss,2025-11-07 09:15:00,78.25,144.76,-4988.44,2025-10-31 15:00:00,2025-10-31,2025-11-25,BEARISH_ENTRY,ATM+2,ATM+5,CALL,75
Intra-Bar Stop Loss,2025-11-07 09:15:00,71.8,132.83,-4577.25,2025-11-04 11:00:00,2025-11-04,2025-11-25,BEARISH_ENTRY,ATM+2,ATM+5,CALL,75
Intra-Bar Target Hit,2025-11-12 09:15:00,40.15,14.05,1957.31,2025-11-11 14:00:00,2025-11-11,2025-11-25,BULLISH_ENTRY,ATM-2,ATM-5,PUT,75
Intra-Bar Target Hit,2025-11-13 13:15:00,41.7,14.59,2032.87,2025-11-12 11:00:00,2025-11-12,2025-11-25,BULLISH_ENTRY,ATM-2,ATM-5,PUT,75
Intra-Bar Target Hit,2025-11-13 14:15:00,38.8,13.58,1891.5,2025-11-13 10:00:00,2025-11-13,2025-11-25,BULLISH_ENTRY,ATM-2,ATM-5,PUT,75
Intra-Bar Stop Loss,2025-11-18 09:15:00,37.05,68.54,-2361.94,2025-11-17 12:00:00,2025-11-17,2025-11-25,BULLISH_ENTRY,ATM-2,ATM-5,PUT,75
Intra-Bar Target Hit,2025-11-24 09:15:00,39.05,13.67,1903.69,2025-11-19 12:00:00,2025-11-19,2025-11-25,BULLISH_ENTRY,ATM-2,ATM-5,PUT,75
Intra-Bar Target Hit,2025-11-25 09:15:00,28.8,10.08,1404.0,2025-11-24 14:00:00,2025-11-24,2025-11-25,BEARISH_ENTRY,ATM+2,ATM+5,CALL,75
